state,sid,year,l_homicide,homicide,l_larceny,l_motor,population,popwt,post,cdl,effyear,treatment_date,northeast,midwest,south,west,l_police,unemployrt,poverty,l_income,l_prisoner,l_lagprisoner,blackm_15_24,whitem_15_24,blackm_25_44,whitem_25_44,l_exp_subsidy,l_exp_pubwelfare
Alabama,1,2000,2.0273557,7.5939784,7.9863772,5.6892014,4332380,4499293.0,0.0,0.0,2006.0,2006.0,0,0,1,0,5.8546085,4.1,14.705981469769503,10.711102,6.4057665,6.3355403,2.2222428,4.69481,3.4716945,10.414437,5.3578176,6.926083
Alabama,1,2001,2.164867,8.713443,7.922511,5.6702895,4349601,4499293.0,0.0,0.0,2006.0,2006.0,0,0,1,0,5.863135,4.7,15.750203294509083,10.675931,6.421284,6.4057665,2.2499535,4.700201,3.4402466,10.186382,5.402183,6.974412
Alabama,1,2002,1.9363341,6.9332876,7.9500895,5.7615256,4370221,4499293.0,0.0,0.0,2006.0,2006.0,0,0,1,0,5.7413816,5.4,15.556558810183741,10.727071,6.4616323,6.421284,2.258261,4.685461,3.4039927,9.957734,5.5518985,7.0387506
Alabama,1,2003,1.9195671,6.8180065,7.947475,5.8320584,4385446,4499293.0,0.0,0.0,2006.0,2006.0,0,0,1,0,5.853816,5.5,15.447801660310034,10.695688,6.4559712,6.4616323,2.292948,4.688166,3.3832135,9.79141,5.6018972,7.1104236
Alabama,1,2004,1.7498412,5.7536893,7.9377174,5.7610326,4414559,4499293.0,0.0,0.0,2006.0,2006.0,0,0,1,0,5.792754,5.1,16.252654002359012,10.652069,6.374003,6.4559712,2.2913275,4.661734,3.3588407,9.599033,5.5795846,7.0855193
Alabama,1,2005,2.1304405,8.418573,7.9079103,5.689601,4442558,4499293.0,0.0,0.0,2006.0,2006.0,0,0,1,0,5.6622906,3.9,16.87298173709831,10.633232,6.4421363,6.374003,2.3120463,4.635865,3.35721,9.449511,4.368332,7.0059175
Alabama,1,2006,2.0796523,8.001687,7.8804727,5.777459,4599030,4499293.0,0.0,0.58082193,2006.0,2006.0,0,0,1,0,5.832794,3.6,16.167670139138036,10.622327,6.4200997,6.4421363,2.2692394,4.483489,3.2928684,9.08883,4.420956,6.9676113
Alabama,1,2007,2.1456904,8.54794,7.9053,5.7381682,4585900,4499293.0,1.0,1.0,2006.0,2006.0,0,0,1,0,5.8762283,3.5,16.3587736322205,10.700725,6.4635863,6.4200997,2.2898014,4.504067,3.338494,9.052967,4.54151,6.9971676
Alabama,1,2008,2.0435977,7.718328,7.9135513,5.672745,4625354,4499293.0,1.0,1.0,2006.0,2006.0,0,0,1,0,5.856899,4.9,15.606913546509087,10.715284,6.491606,6.4635863,2.2850144,4.4733872,3.351938,8.916204,4.515596,6.9110613
Alabama,1,2009,1.9386841,6.9496,7.8431826,5.478022,4633360,4499293.0,1.0,1.0,2006.0,2006.0,0,0,1,0,5.900207,9.9,17.378813647115702,10.612508,6.530851,6.491606,2.2777638,4.4550176,3.3867862,8.858172,4.642847,7.0866895
Alabama,1,2010,1.7479398,5.7427597,7.7951303,5.4070773,4753812,4499293.0,1.0,1.0,2006.0,2006.0,0,0,1,0,5.831543,10.0,16.97416726,10.620742,6.504557,6.530851,2.1828167,4.515513,3.177408,8.610017,4.736799,7.1459756
Alaska,2,2000,1.4915183,4.443837,7.927075,5.957852,607583,651473.25,0.0,0.0,2006.0,2005.0,0,0,0,1,5.683415,6.2,8.631248734740767,11.111104,6.532072,6.457475,0.3306544,4.9629436,0.68336344,12.253634,5.8740125,7.5531344
Alaska,2,2001,1.8462465,6.335993,7.9055495,6.0528507,615531,651473.25,0.0,0.0,2006.0,2005.0,0,0,0,1,5.689826,6.2,8.830911846844431,11.165422,6.6101723,6.532072,0.3614765,5.2216706,0.6792509,11.714113,5.7135344,7.6233864
Alaska,2,2002,1.6651237,5.286327,7.952137,5.980994,624252,651473.25,0.0,0.0,2006.0,2005.0,0,0,0,1,5.6953335,7.1,9.440418292612598,11.066013,6.5575213,6.6101723,0.3926299,5.3866067,0.6803342,11.237449,5.7251234,7.7115536
Alaska,2,2003,1.8232787,6.192127,7.9606733,5.96804,629832,651473.25,0.0,0.0,2006.0,2005.0,0,0,0,1,5.6619034,7.7,10.022672712723393,11.026011,6.577532,6.5575213,0.38581717,5.5305223,0.6619226,10.820187,5.6369133,7.8120546
Alaska,2,2004,1.7609477,5.8179483,7.8402624,5.864261,635963,651473.25,0.0,0.0,2006.0,2005.0,0,0,0,1,5.6975317,7.4,10.167258158100392,11.059724,6.573791,6.577532,0.434302,5.875342,0.67016476,10.628763,5.9268365,7.8902493
Alaska,2,2005,1.6067477,4.9865675,7.8965216,6.0023537,641724,651473.25,0.0,0.0,2006.0,2005.0,0,0,0,1,5.657445,6.9,10.766778241113002,11.041673,6.61988,6.573791,0.4592317,6.0356164,0.6717841,10.469922,5.829506,7.8173127
Alaska,2,2006,1.6813323,5.3727093,7.858815,5.9357624,670053,651473.25,0.0,0.29589042,2006.0,2005.0,0,0,0,1,5.666709,6.7,10.614085751425634,11.018793,6.628712,6.61988,0.43593568,5.839986,0.6535304,10.003836,5.7342114,7.7931113
Alaska,2,2007,1.8720165,6.5013933,7.82585,5.882238,676778,651473.25,1.0,1.0,2006.0,2005.0,0,0,0,1,5.6311,6.2,9.643634988134957,11.101055,6.6378746,6.628712,0.4484484,5.7454586,0.68116874,9.999438,5.6488996,7.7396045
Alaska,2,2008,1.3770998,3.96339,7.7126136,5.477598,681235,651473.25,1.0,1.0,2006.0,2005.0,0,0,0,1,5.663492,6.9,9.082181626017453,11.07903,6.601252,6.6378746,0.47957018,5.7294474,0.72706187,10.065396,5.586586,7.694469
Alaska,2,2009,1.1695099,3.220414,7.710868,5.5091743,683142,651473.25,1.0,1.0,2006.0,2005.0,0,0,0,1,5.6678033,8.3,9.068246426072472,11.044856,6.6510954,6.601252,0.4144087,5.3245153,0.67848265,9.992359,5.625318,7.764343
Alaska,2,2010,1.4879156,4.4278564,7.704779,5.4434924,700113,651473.25,1.0,1.0,2006.0,2005.0,0,0,0,1,5.6264315,8.1,8.899277688,10.971606,6.6839147,6.6510954,0.3390881,4.92092,0.62575614,10.142649,5.687119,7.851979
Arizona,3,2000,1.9671516,7.1502805,8.166066,6.757518,5020782,5802964.5,0.0,0.0,2006.0,2005.0,0,0,0,1,5.883233,4.0,12.881698508320019,10.827151,6.2691064,6.2986364,0.26902184,4.0020657,0.56620663,9.467231,4.959045,6.641533
Arizona,3,2001,2.0407066,7.6960464,8.187304,6.9121375,5197474,5802964.5,0.0,0.0,2006.0,2005.0,0,0,0,1,5.8773594,4.7,13.528552523783668,10.870319,6.278791,6.2691064,0.2697849,3.9276001,0.56179214,9.127241,4.998365,6.637799
Arizona,3,2002,1.9793757,7.238223,8.234699,6.983409,5346616,5802964.5,0.0,0.0,2006.0,2005.0,0,0,0,1,5.8588862,6.1,13.955462670219818,10.782201,6.3083057,6.278791,0.27604377,3.867437,0.5601113,8.876718,4.308614,6.8094916
Arizona,3,2003,2.087027,8.060915,8.1976595,6.948736,5470843,5802964.5,0.0,0.0,2006.0,2005.0,0,0,0,1,5.8425155,5.7,14.312328100075252,10.7955265,6.3451934,6.3083057,0.2804321,3.8021562,0.5556913,8.64715,4.274641,6.8782816
Arizona,3,2004,1.9944618,7.3482466,8.063804,6.8892326,5633997,5802964.5,0.0,0.0,2006.0,2005.0,0,0,0,1,5.8624873,4.9,15.150647045072974,10.831924,6.3580527,6.3451934,0.29112548,3.7395122,0.5569581,8.480853,4.488383,6.9608974
Arizona,3,2005,2.0324998,7.633144,8.013301,6.847785,5829839,5802964.5,0.0,0.0,2006.0,2005.0,0,0,0,1,5.865528,4.6,14.352746276526677,10.830362,6.3556647,6.3580527,0.29832727,3.6536171,0.56363475,8.317211,4.4629984,7.0762053
Arizona,3,2006,2.1436143,8.530212,7.963511,6.8182716,6166318,5802964.5,0.0,0.6849315,2006.0,2005.0,0,0,0,1,5.8510466,4.1,13.952491584118757,10.828817,6.366583,6.3556647,0.30230358,3.4848673,0.56795645,7.9827056,4.393243,7.073736
Arizona,3,2007,2.1887076,8.923674,7.9602623,6.697724,6152175,5802964.5,1.0,1.0,2006.0,2005.0,0,0,0,1,5.885931,3.8,14.240817271940411,10.812734,6.419244,6.366583,0.3223738,3.5236807,0.5957893,7.9911575,4.408878,7.122257
Arizona,3,2008,1.9680102,7.156422,7.889612,6.4007916,6343952,5802964.5,1.0,1.0,2006.0,2005.0,0,0,0,1,5.889329,5.1,14.742340421239,10.768632,6.4362197,6.419244,0.32791862,3.4180114,0.6053009,7.7197146,4.3920665,7.1432114
Arizona,3,2009,1.7930975,6.0080333,7.810384,6.035446,6324865,5802964.5,1.0,1.0,2006.0,2005.0,0,0,0,1,5.892255,8.6,16.849814185757324,10.747079,6.4651146,6.4362197,0.3424579,3.3934796,0.6274442,7.684354,4.522347,7.2508726
Arizona,3,2010,1.8633447,6.4452577,7.7918277,5.8258095,6345751,5802964.5,1.0,1.0,2006.0,2005.0,0,0,0,1,5.854319,9.5,15.93302353,10.763822,6.449509,6.4651146,0.39063933,4.773304,0.6585509,9.334908,4.5311193,7.2804503
Arkansas,4,2000,1.8660628,6.462801,7.894628,5.5860023,2599492,2732902.5,0.0,0.0,,,0,0,1,0,5.64795,4.2,15.193737853395973,10.5347595,6.127652,6.103467,1.4365499,5.412327,2.0820606,11.242081,4.403213,6.8751
Arkansas,4,2001,1.7321641,5.6528745,7.885328,5.6333175,2618137,2732902.5,0.0,0.0,,,0,0,1,0,5.662664,4.7,16.00557953995532,10.622741,6.1759276,6.127652,1.452254,5.400214,2.050695,11.032692,4.6157184,6.9486294
Arkansas,4,2002,1.6844164,5.389305,7.90084,5.555177,2634848,2732902.5,0.0,0.0,,,0,0,1,0,5.6694803,5.3,16.546912763089182,10.577758,6.2082696,6.1759276,1.4577692,5.364598,2.0291872,10.831554,4.6186004,7.0782166
Arkansas,4,2003,1.9157888,6.792294,7.8509917,5.4235125,2650062,2732902.5,0.0,0.0,,,0,0,1,0,5.6724567,5.8,16.310561790629805,10.543709,6.219478,6.2082696,1.4745315,5.3504786,2.0072737,10.674392,4.6647587,7.09824
Arkansas,4,2004,1.8836236,6.5772953,7.928225,5.4954624,2675872,2732902.5,0.0,0.0,,,0,0,1,0,5.6783466,5.7,15.866827710742518,10.606139,6.2460704,6.219478,1.4764906,5.2691607,1.9948263,10.550729,4.662802,7.164019
Arkansas,4,2005,1.9453803,6.996292,7.9356537,5.597343,2701431,2732902.5,0.0,0.0,,,0,0,1,0,5.7121024,5.1,17.093088811078278,10.619887,6.2171106,6.2460704,1.4614476,5.1937656,1.993462,10.45035,4.4168,7.178753
Arkansas,4,2006,2.0157783,7.5065675,7.861998,5.6000867,2810872,2732902.5,0.0,0.0,,,0,0,1,0,5.683826,5.3,16.762093755959004,10.598458,6.191186,6.2171106,1.4322958,4.9646873,1.9400741,10.070185,4.495466,7.156012
Arkansas,4,2007,1.9691905,7.1648736,7.863895,5.517978,2805353,2732902.5,0.0,0.0,,,0,0,1,0,5.708399,5.4,17.235264153922873,10.66658,6.234879,6.191186,1.441102,4.9834013,1.9577929,10.017634,4.4964433,7.2144036
Arkansas,4,2008,1.756988,5.7949567,7.8059444,5.4363713,2830047,2732902.5,0.0,0.0,,,0,0,1,0,5.834732,5.2,16.930460872204595,10.598807,6.2538123,6.234879,1.4364426,4.919954,1.9554799,9.882522,4.5524635,7.2076764
Arkansas,4,2009,1.8416507,6.306941,7.7848754,5.3698173,2838143,2732902.5,0.0,0.0,,,0,0,1,0,5.861601,7.1,18.28752110094523,10.522477,6.2838416,6.2538123,1.4272712,4.8605375,1.9818592,9.784884,4.582703,7.2240677
Arkansas,4,2010,1.5607613,4.7624454,7.726666,5.253979,2897671,2732902.5,0.0,0.0,,,0,0,1,0,5.8402414,7.7,17.8843975,10.560256,6.326521,6.2838416,1.3095,5.0557156,1.9210945,9.672872,4.6951585,7.281892
California,5,2000,1.8389783,6.2901087,7.5869136,6.3112903,33051894,35311970.0,0.0,0.0,,,0,0,0,1,5.749037,4.9,13.024696860034707,10.989926,6.2008476,6.198436,0.50634015,2.8180654,1.0736934,7.468985,3.7590296,7.2422085
California,5,2001,1.8794022,6.5495877,7.6360664,6.4072084,33681509,35311970.0,0.0,0.0,,,0,0,0,1,5.751651,5.4,13.117108262578139,10.971726,6.159914,6.2008476,0.508365,2.826239,1.044962,7.1979556,3.8103378,7.2165027
California,5,2002,1.9436159,6.9839587,7.6434827,6.4745483,34292871,35311970.0,0.0,0.0,,,0,0,0,1,5.8049126,6.7,13.549932870887362,10.959401,6.153877,6.159914,0.5075603,2.8089104,1.0138813,6.8891315,4.147575,7.325587
California,5,2003,1.9382337,6.9464707,7.6549306,6.5460014,34650690,35311970.0,0.0,0.0,,,0,0,0,1,5.7979703,6.9,13.956737946632519,10.9758415,6.162684,6.153877,0.50739825,2.7859185,0.98924726,6.6326675,4.143163,7.4132695
California,5,2004,1.9203752,6.8235188,7.6394897,6.5800686,35055227,35311970.0,0.0,0.0,,,0,0,0,1,5.771945,6.2,13.355055438665394,10.947574,6.163577,6.162684,0.5119037,2.7795029,0.969844,6.4015646,4.2497334,7.3423448
California,5,2005,1.9593788,7.0949187,7.5821495,6.5930758,35278768,35311970.0,0.0,0.0,,,0,0,0,1,5.7519774,5.4,13.234747880084702,10.964779,6.181656,6.163577,0.52120584,2.7950153,0.9514703,6.180709,4.34572,7.4175344
California,5,2006,1.9213043,6.829861,7.512891,6.502445,36457549,35311970.0,0.0,0.0,,,0,0,0,1,5.7618527,4.9,12.855241585220115,10.999112,6.176729,6.181656,0.51091474,2.6979296,0.9121677,5.832935,4.370645,7.3619747
California,5,2007,1.8296967,6.2319956,7.4945726,6.40516,36264467,35311970.0,0.0,0.0,,,0,0,0,1,5.809924,5.4,12.258258200789218,10.978626,6.1750064,6.176729,0.51793396,2.7152584,0.90894485,5.7236466,3.9414518,7.3980727
California,5,2008,1.7718333,5.881626,7.4878545,6.27034,36418499,35311970.0,0.0,0.0,,,0,0,0,1,5.826383,7.2,13.12849549345787,10.963619,6.16725,6.1750064,0.51740736,2.68379,0.8992271,5.604284,3.9757442,7.4228926
California,5,2009,1.6921659,5.431231,7.4353933,6.111965,36308527,35311970.0,0.0,0.0,,,0,0,0,1,5.8161464,11.6,14.13618349210366,10.951876,6.1563883,6.16725,0.5203516,2.6675663,0.8976321,5.547256,4.052448,7.4842234
California,5,2010,1.5877932,4.8929396,7.392878,6.022341,36971641,35311970.0,0.0,0.0,,,0,0,0,1,5.773167,12.4,14.18773378,10.905204,6.1013403,6.1563883,0.53340614,4.0739574,0.8551852,7.89216,4.4024844,7.4541197
Colorado,6,2000,1.1605736,3.1917636,7.8964868,6.0014057,4198306,4600371.5,0.0,0.0,,,0,0,0,1,5.775768,2.7,9.166316128457526,11.019891,5.99383,5.9566884,0.31917635,5.1907125,0.7427281,12.638526,3.4659634,6.782578
Colorado,6,2001,1.2979765,3.6618795,7.9418983,6.1873736,4314724,4600371.5,0.0,0.0,,,0,0,0,1,5.8625884,3.8,8.846869463724678,11.015904,6.002362,5.99383,0.32616222,5.240312,0.7352962,12.276127,3.5065668,6.851554
Colorado,6,2002,1.402365,4.0648017,7.952591,6.266154,4403659,4600371.5,0.0,0.0,,,0,0,0,1,5.8628645,5.7,9.692439855129564,10.977295,6.058345,6.002362,0.32968038,5.240937,0.7230124,11.855482,3.7093756,6.75921
Colorado,6,2003,1.4253404,4.1592736,7.9370136,6.240202,4447892,4600371.5,0.0,0.0,,,0,0,0,1,5.85009,6.2,10.154428210037473,10.988728,6.0918856,6.058345,0.3282229,5.21456,0.69534063,11.415183,3.8182073,6.821399
Colorado,6,2004,1.4969511,4.4680457,7.9160867,6.279622,4498611,4600371.5,0.0,0.0,,,0,0,0,1,5.838752,5.6,10.376625140515594,10.980825,6.1116776,6.0918856,0.34177217,5.2165656,0.71077496,11.174227,3.7226431,6.811012
Colorado,6,2005,1.332892,3.7919936,7.9362717,6.349329,4562244,4600371.5,0.0,0.0,,,0,0,0,1,5.8248997,5.1,10.910486155497164,10.939231,6.15336,6.1116776,0.3420466,5.1767287,0.68198895,10.82647,3.7411847,6.805729
Colorado,6,2006,1.2802231,3.5974424,7.751511,6.074805,4753377,4600371.5,0.0,0.0,,,0,0,0,1,5.847916,4.3,11.346291278810833,11.005926,6.1589856,6.15336,0.34211466,5.026784,0.6705969,10.396587,3.8428178,6.827836
Colorado,6,2007,1.1790891,3.251411,7.6505976,5.853484,4767161,4600371.5,0.0,0.0,,,0,0,0,1,5.8621755,3.8,11.506219320052333,11.071206,6.1719766,6.1589856,0.34674725,5.0184584,0.6732309,10.395013,3.836674,6.8482747
Colorado,6,2008,1.1694129,3.2201014,7.627148,5.6238346,4844568,4600371.5,0.0,0.0,,,0,0,0,1,5.8521967,5.1,11.163946919518933,11.030266,6.174649,6.1719766,0.34942228,4.9597816,0.6808244,10.31446,3.899179,6.8592544
Colorado,6,2009,1.1887412,3.2829459,7.5823,5.5517197,4843211,4600371.5,0.0,0.0,,,0,0,0,1,5.886072,7.5,12.774087273918067,10.948224,6.1541333,6.174649,0.35928643,4.9574757,0.7003205,10.394261,4.0342264,6.9104204
Colorado,6,2010,0.88141984,2.4143252,7.582479,5.421785,4970333,4600371.5,0.0,0.0,,,0,0,0,1,5.8390646,8.1,12.25443044,11.009439,6.1291018,6.1541333,0.35100263,5.5242176,0.67178595,11.724405,4.0793853,6.9293613
Connecticut,7,2000,1.0891795,2.971835,7.638772,5.9845033,3297626,3424474.2,0.0,0.0,,,1,0,0,0,5.6879005,2.3,7.3819165666452164,11.059157,6.3218694,6.341964,0.73568076,4.3054004,1.3634657,11.711607,5.236527,7.1247644
Connecticut,7,2001,1.152275,3.165386,7.592112,5.9219904,3317131,3424474.2,0.0,0.0,,,1,0,0,0,5.691,3.1,7.226757098227354,11.092839,6.3607717,6.3218694,0.75972277,4.389667,1.3583727,11.346974,5.3042245,7.1690555
Connecticut,7,2002,0.9191684,2.5072045,7.566409,5.8453865,3350345,3424474.2,0.0,0.0,,,1,0,0,0,5.6724505,4.4,7.9799841508859535,11.077563,6.4272065,6.3607717,0.7738308,4.479419,1.3517414,10.9357395,5.0730424,7.1718163
Connecticut,7,2003,1.2006328,3.3222187,7.572977,5.8208675,3371241,3424474.2,0.0,0.0,,,1,0,0,0,5.6516523,5.5,8.099420955072627,11.084601,6.3778915,6.4272065,0.79036176,4.5726485,1.3481979,10.553087,4.9791317,7.1934614
Connecticut,7,2004,1.0819076,2.9503024,7.585747,5.8015666,3389483,3424474.2,0.0,0.0,,,1,0,0,0,5.6567216,4.9,9.282212065969944,11.060385,6.3547535,6.3778915,0.8027478,4.687529,1.3385522,10.172524,5.0049376,7.3159833
Connecticut,7,2005,1.1291449,3.0930104,7.5483017,5.7446423,3394751,3424474.2,0.0,0.0,,,1,0,0,0,5.6476154,4.8,8.318106394253952,11.058417,6.3503757,6.3547535,0.82447875,4.8074512,1.3412765,9.834359,4.8687024,7.3345656
Connecticut,7,2006,1.3632598,3.9089148,7.5174203,5.6787996,3504809,3424474.2,0.0,0.0,,,1,0,0,0,5.6234694,4.3,8.019809353377031,11.119631,6.3746734,6.3503757,0.8209577,4.744766,1.3094865,9.221045,4.765973,7.346919
Connecticut,7,2007,1.173512,3.233328,7.46372,5.6515527,3494851,3424474.2,0.0,0.0,,,1,0,0,0,5.6436834,4.6,7.698325336330504,11.119112,6.3947763,6.3746734,0.8307364,4.7535934,1.3174238,8.978409,4.760146,7.3432674
Connecticut,7,2008,1.3294542,3.77898,7.5009017,5.539447,3493006,3424474.2,0.0,0.0,,,1,0,0,0,5.7206244,5.8,8.831333241339982,11.089806,6.3826556,6.3947763,0.8451746,4.781927,1.3355832,8.801531,4.895864,7.396189
Connecticut,7,2009,1.1096674,3.0333493,7.448195,5.363673,3494487,3424474.2,0.0,0.0,,,1,0,0,0,5.710678,8.2,9.10027709360487,11.096228,6.335414,6.3826556,0.85291487,4.788085,1.3410839,8.60006,4.9442244,7.480118
Connecticut,7,2010,1.2947714,3.6501617,7.3693566,5.238144,3561486,3424474.2,0.0,0.0,,,1,0,0,0,5.684079,9.0,9.444653159,11.104235,6.296185,6.335414,0.89336306,4.940045,1.3580005,9.088902,4.965542,7.4342494
Delaware,8,2000,1.1920218,3.2937338,7.9424214,6.028621,759017,822992.0,0.0,0.0,,,0,0,1,0,5.970809,3.3,8.876481027434169,11.063006,6.8154616,6.8316245,1.5692666,4.686193,2.9050732,10.923076,4.7262397,6.818771
Delaware,8,2001,1.092224,2.9808962,7.833668,5.886576,771580,822992.0,0.0,0.0,,,0,0,1,0,5.951025,3.5,8.611550325306514,11.020055,6.810824,6.8154616,1.602815,4.693227,2.876565,10.502087,4.6966653,6.8777075
Delaware,8,2002,1.2011294,3.3238688,7.7715273,5.968222,782221,822992.0,0.0,0.0,,,0,0,1,0,5.982513,4.0,9.527486477606713,11.004995,6.76447,6.810824,1.6303576,4.667095,2.8503454,10.16861,4.8132563,6.993193
Delaware,8,2003,0.9745077,2.6498623,7.778647,5.9175096,792494,822992.0,0.0,0.0,,,0,0,1,0,5.9629946,4.2,9.263792533445049,10.97011,6.7537804,6.76447,1.660328,4.626155,2.8363621,9.897489,4.7050147,7.019892
Delaware,8,2004,1.2460096,3.4764428,7.780888,5.655339,805421,822992.0,0.0,0.0,,,0,0,1,0,5.9831476,4.0,9.913324832603074,10.923453,6.756987,6.7537804,1.672169,4.581331,2.8252306,9.627636,4.816967,7.2894435
Delaware,8,2005,1.5085084,4.519984,7.7004285,5.6593356,818587,822992.0,0.0,0.0,,,0,0,1,0,5.96317,4.0,10.297133963769275,10.954694,6.746387,6.756987,1.7015907,4.516319,2.8306093,9.335721,4.822614,7.3352942
Delaware,8,2006,1.5935224,4.9210525,7.7807593,5.8227863,853476,822992.0,0.0,0.0,,,0,0,1,0,5.8901596,3.6,10.398534932440983,10.945635,6.738522,6.746387,1.6832342,4.3724723,2.7834408,8.806692,4.809422,7.3722396
Delaware,8,2007,1.520337,4.573766,7.7982326,5.6257315,852689,822992.0,0.0,0.0,,,0,0,1,0,5.903965,3.4,10.162321784378594,10.95787,6.7491117,6.738522,1.7274762,4.4235353,2.8152115,8.65509,4.92331,7.3987317
Delaware,8,2008,1.8891935,6.6140327,7.8469834,5.6927323,861804,822992.0,0.0,0.0,,,0,0,1,0,5.9041533,4.6,10.208469675239382,10.846284,6.710465,6.7491117,1.7358935,4.3579516,2.8353314,8.473041,4.955974,7.441735
Delaware,8,2009,1.5573639,4.746293,7.7882295,5.396554,863832,822992.0,0.0,0.0,,,0,0,1,0,5.891621,8.1,11.160619194473,10.877557,6.6675873,6.710465,1.7311237,4.312644,2.8392096,8.335301,5.021994,7.4862185
Delaware,8,2010,1.6831394,5.382427,7.78863,5.3766956,891791,822992.0,0.0,0.0,,,0,0,1,0,5.8734255,8.7,10.97880557,10.919968,6.60646,6.6675873,1.8044586,4.5496087,2.7046695,8.214369,5.1180334,7.526988
Florida,10,2000,1.7562876,5.7908993,8.1088705,6.3489885,15593433,17281274.0,0.0,0.0,2005.0,2005.0,0,0,1,0,6.0246444,3.8,12.03967721540215,10.803568,6.125483,6.132438,1.2267472,2.1707792,2.3019562,5.250255,4.1950307,6.612029
Florida,10,2001,1.697463,5.460078,8.079307,6.331025,16007098,17281274.0,0.0,0.0,2005.0,2005.0,0,0,1,0,5.9749074,4.7,12.794836390706173,10.711168,6.1143994,6.125483,1.2422926,2.1736107,2.2778394,5.0928783,4.669939,6.731031
Florida,10,2002,1.7196488,5.5825677,8.050166,6.2960443,16318656,17281274.0,0.0,0.0,2005.0,2005.0,0,0,1,0,6.0579505,5.7,13.098106853897773,10.738221,6.1331453,6.1143994,1.2488528,2.1669493,2.2519133,4.9418344,4.4219365,6.7825823
Florida,10,2003,1.7156318,5.5601873,8.020202,6.1960506,16618145,17281274.0,0.0,0.0,2005.0,2005.0,0,0,1,0,6.0251226,5.3,13.354420725056858,10.740757,6.2015405,6.1331453,1.2507473,2.132007,2.2262592,4.7770195,4.4181533,6.8623333
Florida,10,2004,1.7170218,5.567921,7.9514823,6.1334014,16990183,17281274.0,0.0,0.0,2005.0,2005.0,0,0,1,0,6.0506716,4.7,12.212917306423362,10.753404,6.2214365,6.2015405,1.278868,2.1538026,2.2176394,4.656524,4.728749,6.953999
Florida,10,2005,1.6252755,5.0798182,7.908615,6.0712256,17382511,17281274.0,0.0,0.24657534,2005.0,2005.0,0,0,1,0,6.0144396,3.9,12.77622663377,10.779227,6.2469344,6.2214365,1.2751898,2.1155517,2.1911218,4.487119,4.838201,6.975622
Florida,10,2006,1.8311493,6.2410555,7.8705473,6.0465064,18089889,17281274.0,1.0,1.0,2005.0,2005.0,0,0,1,0,6.014571,3.3,12.341336091116977,10.807584,6.242083,6.2469344,1.2796043,2.058708,2.175591,4.3101482,4.646411,6.9276214
Florida,10,2007,1.8979564,6.6722445,7.909953,6.0130763,18014927,17281274.0,1.0,1.0,2005.0,2005.0,0,0,1,0,6.0256004,4.0,12.02952973387014,10.78218,6.3011694,6.242083,1.3155202,2.0706384,2.2287796,4.2815437,4.702668,6.9199705
Florida,10,2008,1.8608692,6.4293222,7.9330616,5.856028,18182321,17281274.0,1.0,1.0,2005.0,2005.0,0,0,1,0,6.0070543,6.0,13.063376232330295,10.723796,6.33349,6.3011694,1.3327286,2.0683112,2.254899,4.218114,4.724836,6.913868
Florida,10,2009,1.7193747,5.581037,7.8760266,5.619707,18222420,17281274.0,1.0,1.0,2005.0,2005.0,0,0,1,0,5.9824424,10.5,14.886562816574308,10.74471,6.346091,6.33349,1.3515658,2.0840042,2.2741656,4.165682,4.7181473,6.9428453
Florida,10,2010,1.66493,5.285303,7.8058753,5.4027925,18674425,17281274.0,1.0,1.0,2005.0,2005.0,0,0,1,0,5.9600835,11.9,14.66394815,10.697453,6.325344,6.346091,1.2911884,2.0388312,2.096268,4.185735,4.642952,7.019406
Georgia,11,2000,2.1024218,8.18597,8.014138,6.1875587,7952631,8871351.0,0.0,0.0,2006.0,2006.0,0,0,1,0,5.912764,3.5,12.654038644569326,10.879009,6.321116,6.2923894,0.0351959,0.25879484,0.07480543,0.64100796,4.8034368,6.7694807
Georgia,11,2001,1.9929868,7.337416,7.9814534,6.1338625,8150008,8871351.0,0.0,0.0,2006.0,2006.0,0,0,1,0,5.9093146,4.0,12.987876821716004,10.867311,6.334422,6.321116,0.042441677,0.2782206,0.08042937,0.62476015,4.853871,6.865631
Georgia,11,2002,1.9848815,7.2781854,7.9436007,6.12429,8326251,8871351.0,0.0,0.0,2006.0,2006.0,0,0,1,0,5.768584,4.8,13.297809542373873,10.859768,6.345328,6.334422,0.045458633,0.28455785,0.083615065,0.61131954,4.7776623,7.0380735
Georgia,11,2003,2.0523295,7.786018,7.9825826,6.242676,8438203,8871351.0,0.0,0.0,2006.0,2006.0,0,0,1,0,5.90458,4.8,13.694195316230246,10.825959,6.3269644,6.345328,0.045187347,0.2830342,0.079305984,0.591133,4.8437138,7.03167
Georgia,11,2004,1.9661723,7.1432824,7.9747252,6.2451468,8581489,8871351.0,0.0,0.0,2006.0,2006.0,0,0,1,0,5.8332186,4.7,14.189682000408087,10.764414,6.3894253,6.3269644,0.043733668,0.28837654,0.07454418,0.57843107,4.7822013,7.1094246
Georgia,11,2005,1.8553178,6.39373,7.9478545,6.222991,8821142,8871351.0,0.0,0.0,2006.0,2006.0,0,0,1,0,5.788776,5.1,14.413201828062624,10.84529,6.3147035,6.3894253,0.04859915,0.29849878,0.08267637,0.59511566,4.688258,7.0772657
Georgia,11,2006,1.8805436,6.5570683,7.843017,6.159176,9363941,8871351.0,0.0,0.5,2006.0,2006.0,0,0,1,0,5.79757,4.7,14.3129372557986,10.884817,6.3346634,6.3147035,0.047917858,0.28852168,0.08263615,0.5833121,4.6070337,6.929292
Georgia,11,2007,2.058431,7.833669,7.8466454,6.1220293,9331515,8871351.0,1.0,1.0,2006.0,2006.0,0,0,1,0,5.738344,4.4,14.2437857089658,10.842498,6.365486,6.3346634,0.04394785,0.27248523,0.080104895,0.5719543,4.538972,6.9952955
Georgia,11,2008,1.9221219,6.835447,7.8616614,6.031557,9509254,8871351.0,1.0,1.0,2006.0,2006.0,0,0,1,0,5.855726,6.1,14.606392888443196,10.753895,6.3178806,6.365486,0.04487208,0.26868564,0.0865683,0.58744884,4.513997,6.9345856
Georgia,11,2009,1.7849628,5.959358,7.788789,5.855559,9497667,8871351.0,1.0,1.0,2006.0,2006.0,0,0,1,0,5.904,9.7,16.689530176200112,10.693194,6.3313913,6.3178806,0.046822026,0.26512825,0.08968518,0.59739935,4.624695,6.9647646
Georgia,11,2010,1.7586826,5.8047853,7.7610683,5.7533917,9612759,8871351.0,1.0,1.0,2006.0,2006.0,0,0,1,0,5.8318973,10.2,16.03643657,10.694396,6.3751154,6.3313913,0.026641674,0.24613121,0.05507264,0.55540764,4.761356,6.93579
Hawaii,12,2000,1.0908525,2.9768107,8.210349,6.253841,1175755,1248183.9,0.0,0.0,,,0,0,0,1,5.7291813,4.0,10.066467929117886,11.086181,6.063242,6.024855,0.055708885,7.6047306,0.0932167,13.562349,5.2347345,7.0147877
Hawaii,12,2001,0.99036205,2.692209,8.237376,6.340886,1188615,1248183.9,0.0,0.0,,,0,0,0,1,5.6936793,4.2,10.591318467291764,10.975465,6.1245046,6.063242,0.057966623,7.722181,0.09969586,13.359667,5.0936923,6.980355
Hawaii,12,2002,0.68605816,1.9858721,8.314576,6.709304,1208537,1248183.9,0.0,0.0,,,0,0,0,1,5.683552,4.0,11.144300919210583,10.956562,6.1064086,6.1245046,0.05874872,7.6764717,0.100948505,13.057772,4.9566593,7.0293703
Hawaii,12,2003,0.58806264,1.8004968,8.20714,6.671837,1221885,1248183.9,0.0,0.0,,,0,0,0,1,5.678181,3.9,10.91469328128261,11.025963,6.1674495,6.1064086,0.062526345,7.723722,0.105001695,12.886564,4.7483163,7.073268
Hawaii,12,2004,0.9893438,2.689469,8.116064,6.5546765,1227008,1248183.9,0.0,0.0,,,0,0,0,1,5.6322765,3.2,9.163509936365532,11.080911,6.185662,6.1674495,0.06837771,7.7887836,0.111653715,12.984349,4.760323,7.144258
Hawaii,12,2005,0.66184396,1.9383633,8.133681,6.6036587,1238158,1248183.9,0.0,0.0,,,0,0,0,1,5.6635504,2.7,9.833639971635284,11.105679,6.207347,6.185662,0.07462699,7.8179846,0.11428267,12.908207,4.6058335,7.1512194
Hawaii,12,2006,0.49079114,1.6336081,7.98591,6.4002967,1285498,1248183.9,0.0,0.0,,,0,0,0,1,5.6498466,2.4,9.164619470430916,11.088155,6.1402683,6.207347,0.07553493,7.5506926,0.11808653,12.660463,4.4402165,7.090842
Hawaii,12,2007,0.6313202,1.880091,7.9852023,6.198869,1276534,1248183.9,0.0,0.0,,,0,0,0,1,5.6633906,2.7,8.321909169673507,11.117257,6.1491075,6.1402683,0.081705615,7.5991707,0.12635778,12.961817,4.401136,7.115412
Hawaii,12,2008,0.7084381,2.0308168,7.805669,5.99047,1280273,1248183.9,0.0,0.0,,,0,0,0,1,5.691781,4.0,9.108838505537491,11.0397005,6.1423283,6.1491075,0.08513809,7.5759625,0.1301285,13.056512,4.5795455,7.1205835
Hawaii,12,2009,0.5858608,1.7965368,7.867127,5.938543,1280241,1248183.9,0.0,0.0,,,0,0,0,1,5.6936493,6.9,10.3024352446141,10.943199,6.1315475,6.1423283,0.09092038,7.4754677,0.13138151,13.110109,4.597832,7.200581
Hawaii,12,2010,0.57720435,1.7810522,7.7511625,5.9361463,1347518,1248183.9,0.0,0.0,,,0,0,0,1,5.6219726,6.5,9.782726465,10.976902,6.08389,6.1315475,0.09254051,7.172149,0.13276261,13.225278,4.505494,7.282712
Idaho,13,2000,0.23694378,1.2673699,7.7235923,5.107359,1262457,1401675.9,0.0,0.0,,,0,0,0,1,5.5651236,4.6,11.488945762113085,10.7710085,6.083202,5.9579954,11.550888,42.896828,20.203936,100.016556,4.352778,6.6383734
Idaho,13,2001,0.8443639,2.3264976,7.6932535,5.2217965,1289492,1401675.9,0.0,0.0,,,0,0,0,1,5.5979543,4.9,11.757653401494542,10.759922,6.1436806,6.083202,11.430858,42.488827,19.627342,96.16888,4.5059094,6.781303
Idaho,13,2002,1.01219,2.7516203,7.705789,5.302269,1308320,1401675.9,0.0,0.0,,,0,0,0,1,5.589761,5.4,11.963357588357589,10.73005,6.1614594,6.1436806,11.358078,42.048275,19.103737,92.93445,4.6078033,6.8344965
Idaho,13,2003,0.66795564,1.9502462,7.7040024,5.2906632,1333165,1401675.9,0.0,0.0,,,0,0,0,1,5.581176,5.3,12.002940371221866,10.824388,6.064551,6.1614594,11.274749,41.586224,18.49636,89.197815,4.661004,6.878614
Idaho,13,2004,0.82380563,2.279157,7.6435757,5.3051667,1360152,1401675.9,0.0,0.0,,,0,0,0,1,5.584048,4.7,11.821325851816562,10.8435335,6.1499577,6.064551,11.309104,41.607628,18.002031,85.636826,4.720334,6.9362245
Idaho,13,2005,0.91941416,2.5078208,7.5898547,5.331,1395634,1401675.9,0.0,0.0,,,0,0,0,1,5.5744624,4.0,13.359806367572013,10.80645,6.1913877,6.1499577,11.12806,40.70315,17.471485,81.77065,4.445949,7.0002785
Idaho,13,2006,0.780296,2.1821182,7.445661,5.101527,1466465,1401675.9,0.0,0.0,,,0,0,0,1,5.582266,3.4,12.474419778174044,10.819258,6.185785,6.1913877,10.679627,38.749237,16.591805,76.57864,4.520419,6.9670615
Idaho,13,2007,1.2087058,3.3491473,7.4303503,5.033346,1463059,1401675.9,0.0,0.0,,,0,0,0,1,5.6277924,2.7,12.154670454164869,10.8536,6.2151146,6.185785,10.803665,38.923447,16.55675,75.68909,4.423959,6.9730887
Idaho,13,2008,0.43164414,1.539787,7.3724136,4.7197185,1493713,1401675.9,0.0,0.0,,,0,0,0,1,5.6992784,4.2,12.453195493377912,10.779373,6.1904087,6.2151146,10.713303,37.854996,16.197489,73.40292,4.424404,6.9983215
Idaho,13,2009,0.47496724,1.6079615,7.3430285,4.591291,1492573,1401675.9,0.0,0.0,,,0,0,0,1,5.643318,8.0,14.574027535001639,10.769537,6.2061486,6.1904087,10.837192,37.586906,16.191235,72.666794,4.7046766,7.0889716
Idaho,13,2010,0.3014887,1.3518698,7.3201036,4.443867,1553404,1401675.9,0.0,0.0,,,0,0,0,1,5.6328263,9.2,14.04863126,10.758201,6.170382,6.2061486,10.176039,39.220448,14.671972,78.5954,4.5070267,7.0466056
Illinois,14,2000,2.004585,7.4230137,7.8588877,6.029519,12097512,12520122.0,0.0,0.0,,,0,1,0,0,6.0239134,4.5,10.149905203648487,10.973735,5.925058,5.908701,0.34592238,3.0660355,0.5963706,6.3135214,4.8848524,6.930705
Illinois,14,2001,2.0888155,8.075343,7.8330355,5.9933357,12160474,12520122.0,0.0,0.0,,,0,1,0,0,6.026395,5.4,10.261409218094624,10.948365,5.899047,5.925058,0.35108006,3.0727913,0.5951988,6.1828594,4.897143,6.981245
Illinois,14,2002,2.0574965,7.826353,7.8150516,5.8997536,12279027,12520122.0,0.0,0.0,,,0,1,0,0,6.0180817,6.6,11.498215615944163,10.854431,5.8513126,5.899047,0.3517787,3.0538006,0.5896884,6.024142,4.8639474,6.984662
Illinois,14,2003,1.9823071,7.2594714,7.7832837,5.8221316,12328721,12520122.0,0.0,0.0,,,0,1,0,0,6.0113034,6.7,11.57442041230392,10.88796,5.864113,5.8513126,0.3576121,3.0554993,0.59109944,5.9109783,4.787599,7.006147
Illinois,14,2004,1.8397771,6.295135,7.747808,5.7864,12390521,12520122.0,0.0,0.0,,,0,1,0,0,6.0037355,6.2,11.993967001064766,10.881551,5.873655,5.864113,0.36233345,3.0437784,0.5922915,5.8084884,4.7816167,7.075484
Illinois,14,2005,1.8228601,6.189536,7.7106295,5.757305,12440351,12520122.0,0.0,0.0,,,0,1,0,0,6.0236683,5.7,11.936897921931624,10.89772,5.889086,5.873655,0.36791566,3.0372615,0.59679186,5.716527,4.620293,7.173257
Illinois,14,2006,1.8047692,6.078568,7.661155,5.6813245,12831970,12520122.0,0.0,0.0,,,0,1,0,0,6.0055313,4.5,11.97113927167847,10.871079,5.8622456,5.889086,0.36409843,2.9407487,0.58609086,5.4842787,4.497274,7.125266
Illinois,14,2007,1.7720312,5.8827906,7.647705,5.5800815,12783049,12520122.0,0.0,0.0,,,0,1,0,0,6.037423,5.0,11.704187318690556,10.918954,5.8684793,5.8622456,0.37277493,2.9366155,0.5973692,5.46699,4.5216346,7.155058
Illinois,14,2008,1.8177385,6.1579165,7.6502256,5.5416307,12829014,12520122.0,0.0,0.0,,,0,1,0,0,6.015435,6.6,11.920128857915348,10.895405,5.8706017,5.8684793,0.37636563,2.9173794,0.60137904,5.4021688,4.4552093,7.211719
Illinois,14,2009,1.799418,6.0461273,7.573628,5.3406587,12785043,12520122.0,0.0,0.0,,,0,1,0,0,5.98544,10.0,13.072642774842446,10.891969,5.867128,5.8706017,0.38329944,2.9194896,0.6070453,5.3562274,4.4954495,7.3008323
Illinois,14,2010,1.7079242,5.5174966,7.5358443,5.416301,12795658,12520122.0,0.0,0.0,,,0,1,0,0,5.9650626,10.5,12.787283,10.834884,5.935936,5.867128,0.38519317,2.982504,0.6056039,5.414727,4.5098147,7.295567
Indiana,15,2000,1.7856988,5.9637456,7.804534,5.878622,5902331,6158275.5,0.0,0.0,2006.0,2006.0,0,1,0,0,5.57626,2.9,8.968033138094086,10.853987,5.836248,5.783544,0.10809289,3.349863,0.1670357,6.277706,4.1065726,6.7663407
Indiana,15,2001,1.9397343,6.9569025,7.816452,5.8920484,5936550,6158275.5,0.0,0.0,2006.0,2006.0,0,1,0,0,5.6390915,4.2,9.159225476076172,10.814323,5.8669443,5.836248,0.111394666,3.353008,0.16512957,6.1078067,4.0652566,6.8040886
Indiana,15,2002,1.8004912,6.05262,7.800709,5.8265824,5980881,6158275.5,0.0,0.0,2006.0,2006.0,0,1,0,0,5.6668463,5.2,9.78529751720524,10.814706,5.889805,5.8669443,0.113628745,3.3478513,0.1651429,5.930815,4.257689,6.9455967
Indiana,15,2003,1.7257981,5.617002,7.791961,5.844065,6017445,6158275.5,0.0,0.0,2006.0,2006.0,0,1,0,0,5.6629467,5.3,10.1312932648325,10.825641,5.948997,5.889805,0.11617888,3.3568566,0.16412282,5.769808,4.3832726,6.9652123
Indiana,15,2004,1.6516238,5.215442,7.805366,5.8524833,6058930,6158275.5,0.0,0.0,2006.0,2006.0,0,1,0,0,5.6432414,5.3,11.278740635722809,10.796715,5.982024,5.948997,0.119096935,3.3512354,0.16511166,5.6311593,4.464229,6.985952
Indiana,15,2005,1.7651441,5.842414,7.8170877,5.8773065,6093372,6158275.5,0.0,0.0,2006.0,2006.0,0,1,0,0,5.613437,5.3,12.089069894304828,10.766294,5.9948034,5.982024,0.12090186,3.3406134,0.16813351,5.513302,4.6818986,6.9816647
Indiana,15,2006,1.7463658,5.733727,7.7820783,5.8380365,6313520,6158275.5,0.0,0.5,2006.0,2006.0,0,1,0,0,5.530932,5.0,12.174539717938645,10.801676,6.0240674,5.9948034,0.12362359,3.226156,0.16382304,5.253456,4.6807427,6.9699297
Indiana,15,2007,1.7258945,5.617543,7.7673388,5.734562,6301687,6158275.5,1.0,1.0,2006.0,2006.0,0,1,0,0,5.5470777,4.6,11.98480660813525,10.817777,6.065067,6.0240674,0.12847354,3.1930022,0.16952604,5.2431355,4.7527947,7.0451117
Indiana,15,2008,1.6257827,5.0823956,7.746319,5.6217012,6335595,6158275.5,1.0,1.0,2006.0,2006.0,0,1,0,0,5.523858,5.9,12.620235352796383,10.760199,6.1026254,6.065067,0.13289991,3.1515589,0.17319605,5.189536,4.773526,7.1579437
Indiana,15,2009,1.59315,4.91922,7.679269,5.385248,6342469,6158275.5,1.0,1.0,2006.0,2006.0,0,1,0,0,5.5826087,10.0,14.120983484507374,10.715218,6.118555,6.1026254,0.1404185,3.1149225,0.17717075,5.1497297,4.859153,7.0929413
Indiana,15,2010,1.5088098,4.5213466,7.6599894,5.3137965,6458253,6158275.5,1.0,1.0,2006.0,2006.0,0,1,0,0,5.4856067,9.9,13.80079102,10.743372,6.073015,6.118555,0.15275028,2.979397,0.21149683,5.2537894,4.920876,7.121458
Iowa,16,2000,0.48855552,1.6299601,7.7438703,5.249242,2822155,2907060.2,0.0,0.0,,,0,1,0,0,5.5749435,2.8,8.42207462028131,10.857055,5.64147,5.529578,0.504012,5.745893,0.85689837,11.112146,4.7133317,6.89284
Iowa,16,2001,0.573071,1.7737057,7.7621484,5.27446,2818957,2907060.2,0.0,0.0,,,0,1,0,0,5.5851717,3.3,8.37597026134134,10.829016,5.6434836,5.64147,0.5161838,5.864119,0.846909,10.86228,4.7348127,7.0322146
Iowa,16,2002,0.44048294,1.5534573,7.7895823,5.3258643,2832392,2907060.2,0.0,0.0,,,0,1,0,0,5.582811,3.9,9.250591019887079,10.814766,5.6920424,5.6434836,0.52937585,5.9261923,0.8250977,10.553801,4.76517,7.021083
Iowa,16,2003,0.5656804,1.7606453,7.7265263,5.2911196,2839868,2907060.2,0.0,0.0,,,0,1,0,0,5.5759153,4.4,9.289762763621408,10.800799,5.706876,5.6920424,0.52731323,5.958164,0.80454445,10.253047,4.732068,7.061813
Iowa,16,2004,0.43387687,1.5432289,7.6880226,5.2860847,2851165,2907060.2,0.0,0.0,,,0,1,0,0,5.565522,4.7,10.68328209696738,10.821497,5.7004457,5.706876,0.5399547,5.993655,0.80289984,10.030286,4.6779532,7.1390557
Iowa,16,2005,0.33458462,1.3973598,7.659783,5.2582088,2862541,2907060.2,0.0,0.0,,,0,1,0,0,5.575935,4.3,10.784579155372796,10.85771,5.7210274,5.7004457,0.54486555,6.0192676,0.7894734,9.782638,4.6659846,7.157426
Iowa,16,2006,0.6478435,1.9114144,7.6376476,5.1482377,2982085,2907060.2,0.0,0.0,,,0,1,0,0,5.5426674,3.7,10.595707365819553,10.859825,5.695786,5.7210274,0.54223806,5.804362,0.77764386,9.339438,4.6081448,7.1893835
Iowa,16,2007,0.29703704,1.3458651,7.558894,5.1148963,2972066,2907060.2,0.0,0.0,,,0,1,0,0,5.5715737,3.8,10.642529472764064,10.847977,5.682907,5.695786,0.54029757,5.7237625,0.7819476,9.329773,5.102365,7.153107
Iowa,16,2008,0.9478246,2.5800908,7.468809,4.9879093,2984391,2907060.2,0.0,0.0,,,0,1,0,0,5.5950837,4.0,11.092949951933242,10.835179,5.682655,5.682907,0.5540159,5.6929874,0.8083391,9.307393,5.12041,7.1892414
Iowa,16,2009,0.24345373,1.2756473,7.420774,4.8756247,2978880,2907060.2,0.0,0.0,,,0,1,0,0,5.600164,5.9,11.49119803416049,10.850463,5.689851,5.682655,0.5508446,5.64588,0.81873053,9.329278,5.150819,7.282633
Iowa,16,2010,0.2513706,1.2857865,7.3643246,4.8242297,3033163,2907060.2,0.0,0.0,,,0,1,0,0,5.5855746,6.7,11.53924138,10.803182,5.742108,5.689851,0.5272714,5.5135183,0.8030231,9.836465,5.1440477,7.337619
Kansas,17,2000,1.8693175,6.48387,8.030163,5.5183606,2606468,2702063.2,0.0,0.0,2006.0,2006.0,0,1,0,0,5.9193,3.8,9.019370274256197,10.85871,5.768717,5.7770004,0.99621403,9.695573,1.7102071,20.418896,4.085049,6.460618
Kansas,17,2001,1.2588438,3.5213478,7.9891095,5.7223754,2612636,2702063.2,0.0,0.0,2006.0,2006.0,0,1,0,0,5.93785,4.3,9.650559817747286,10.83966,5.793895,5.768717,1.0425869,9.761636,1.6975958,20.120598,4.7431846,6.6520004
Kansas,17,2002,1.0855738,2.9611385,7.9390216,5.6123667,2634122,2702063.2,0.0,0.0,2006.0,2006.0,0,1,0,0,5.9372034,5.1,10.085827459775972,10.8523035,5.8265963,5.793895,1.0516597,9.72081,1.6655644,19.70987,4.778563,6.817905
Kansas,17,2003,1.5542881,4.731717,8.009122,5.6919475,2641747,2702063.2,0.0,0.0,2006.0,2006.0,0,1,0,0,5.951991,5.6,10.529509449617999,10.867349,5.8455143,5.8265963,1.0555136,9.679769,1.6271429,19.424911,4.747129,6.7509713
Kansas,17,2004,1.5255737,4.5977807,8.025176,5.77055,2653454,2702063.2,0.0,0.0,2006.0,2006.0,0,1,0,0,5.9284873,5.6,11.220582682043858,10.766419,5.8227477,5.8455143,1.1043342,9.683793,1.6758157,19.33461,4.270031,6.981676
Kansas,17,2005,1.3332263,3.793262,7.9595113,5.8599534,2662616,2702063.2,0.0,0.0,2006.0,2006.0,0,1,0,0,5.96882,5.1,11.667698233616864,10.756583,5.8306127,5.8227477,1.1356876,9.656706,1.6645659,19.166977,4.345062,7.0360894
Kansas,17,2006,1.5248959,4.5946655,7.9389615,5.764238,2764075,2702063.2,0.0,0.6,2006.0,2006.0,0,1,0,0,5.9351616,4.5,11.834085543988495,10.804868,5.7650323,5.8306127,1.101562,9.188065,1.5956514,18.408617,4.2670603,7.0068083
Kansas,17,2007,1.3743197,3.952387,7.889875,5.7415586,2757827,2702063.2,1.0,1.0,2006.0,2006.0,0,1,0,0,5.9451456,4.1,10.944341323803124,10.839541,5.75359,5.7650323,1.1302739,9.27774,1.6321908,18.42632,4.1814075,7.0325227
Kansas,17,2008,1.4028559,4.0667977,7.8031425,5.587133,2778599,2702063.2,1.0,1.0,2006.0,2006.0,0,1,0,0,5.9138126,4.5,11.07766899793745,10.788968,5.727867,5.75359,1.1267909,9.130284,1.6001949,18.116217,4.169732,7.0515594
Kansas,17,2009,1.5040568,4.4999075,7.7655334,5.368233,2777835,2702063.2,1.0,1.0,2006.0,2006.0,0,1,0,0,5.9085298,6.6,12.948645257907687,10.724478,5.7400165,5.727867,1.1468644,9.128584,1.6395862,18.045853,4.266014,7.0907884
Kansas,17,2010,1.2611367,3.5294309,7.716367,5.35698,2833318,2702063.2,1.0,1.0,2006.0,2006.0,0,1,0,0,5.9212685,6.6,12.40626714,10.741363,5.766597,5.7400165,1.0526174,8.91739,1.679515,17.54826,4.300441,7.0728683
Kentucky,18,2000,1.5922382,4.9147367,7.529692,5.464518,3926965,4105912.0,0.0,0.0,2006.0,2006.0,0,0,1,0,5.5270057,4.3,14.014181435281445,10.734569,5.939939,5.957681,3.2335658,5.07537,4.759961,10.36625,4.562129,7.182271
Kentucky,18,2001,1.5220182,4.581462,7.5002465,5.4222593,3950704,4105912.0,0.0,0.0,2006.0,2006.0,0,0,1,0,5.5306563,5.2,14.815131682859562,10.765047,5.967201,5.939939,3.2692654,5.064819,4.6560564,10.058739,4.664204,7.218498
Kentucky,18,2002,1.5688833,4.8012834,7.5062675,5.456635,3978103,4105912.0,0.0,0.0,2006.0,2006.0,0,0,1,0,5.530444,5.7,14.9884253876785,10.704457,5.99213,5.967201,3.3027048,5.037074,4.5687604,9.7842865,4.780031,7.2871313
Kentucky,18,2003,1.5088589,4.5215683,7.453426,5.328694,4003036,4105912.0,0.0,0.0,2006.0,2006.0,0,0,1,0,5.529067,6.3,15.15132514421554,10.687092,6.0288444,5.99213,3.310862,4.9714766,4.4989605,9.522722,4.9067783,7.2927732
Kentucky,18,2004,1.767199,5.854432,7.4672313,5.382687,4031134,4105912.0,0.0,0.0,2006.0,2006.0,0,0,1,0,5.5299745,5.5,16.57699793656078,10.62386,6.0911074,6.0288444,3.3216212,4.931987,4.4714465,9.374062,5.028615,7.320193
Kentucky,18,2005,1.5435928,4.6813793,7.457864,5.378621,4058633,4105912.0,0.0,0.0,2006.0,2006.0,0,0,1,0,5.5285726,6.0,16.856365185026583,10.62101,6.183012,6.0911074,3.3033044,4.833228,4.443861,9.197259,5.064277,7.3084254
Kentucky,18,2006,1.437035,4.2082,7.454225,5.416875,4206074,4105912.0,0.0,0.46849316,2006.0,2006.0,0,0,1,0,5.49044,5.7,16.520536728550187,10.661931,6.164373,6.183012,2.8613381,4.426218,3.8808162,8.479975,5.0698485,7.299884
Kentucky,18,2007,1.6454816,5.1835055,7.425545,5.3324094,4205648,4105912.0,1.0,1.0,2006.0,2006.0,0,0,1,0,5.5009828,5.5,16.809466698116438,10.633111,6.280344,6.164373,2.9868882,4.4762425,4.0306273,8.57718,5.1634374,7.284255
Kentucky,18,2008,1.5622995,4.769777,7.5067997,5.1981907,4234999,4105912.0,1.0,1.0,2006.0,2006.0,0,0,1,0,5.4829974,6.4,16.92918935754176,10.637513,6.239376,6.280344,3.0203786,4.4150896,4.0915003,8.518113,5.1265097,7.30141
Kentucky,18,2009,1.4649612,4.3273754,7.4473906,4.9654136,4252000,4105912.0,1.0,1.0,2006.0,2006.0,0,0,1,0,5.5075355,10.3,18.15324553151458,10.677477,6.2322316,6.239376,3.0204375,4.3739886,4.1650987,8.481256,5.182125,7.39969
Kentucky,18,2010,1.4657922,4.3309727,7.4490547,4.9684386,4317737,4105912.0,1.0,1.0,2006.0,2006.0,0,0,1,0,5.45537,10.3,17.69417637,10.627067,6.1650076,6.2322316,2.847927,4.3936906,4.152499,8.650295,5.2180367,7.417879
Louisiana,19,2000,2.559089,12.924038,8.111114,6.196205,4333011,4365311.5,0.0,0.0,2006.0,2006.0,0,0,1,0,6.1716466,4.9,17.38407772331988,10.568543,6.7001524,6.6582413,0.019316822,1.7785554,0.029632973,4.0265994,4.7921653,6.808087
Louisiana,19,2001,2.4485838,11.571946,8.078192,6.216446,4329436,4365311.5,0.0,0.0,2006.0,2006.0,0,0,1,0,6.179482,5.4,18.405861641100596,10.62223,6.71796,6.7001524,0.021018904,1.8179504,0.03226748,3.9662442,4.8024445,6.6803923
Louisiana,19,2002,2.6129756,13.639578,8.028153,6.140526,4347642,4365311.5,0.0,0.0,2006.0,2006.0,0,0,1,0,6.250784,5.9,18.337641415737544,10.626582,6.719944,6.71796,0.022724962,1.8476682,0.03496148,3.892593,5.124876,6.755714
Louisiana,19,2003,2.5945523,13.390592,7.9958634,6.1107383,4361271,4365311.5,0.0,0.0,2006.0,2006.0,0,0,1,0,6.192849,6.2,18.26472145390644,10.589661,6.7172303,6.719944,0.026299672,1.8867666,0.03911704,3.8219364,5.071484,6.63455
Louisiana,19,2004,2.5727932,13.102372,8.026356,6.109248,4380886,4365311.5,0.0,0.0,2006.0,2006.0,0,0,1,0,6.193131,5.5,19.383750227693668,10.646615,6.737187,6.7172303,0.028304776,1.887746,0.04056257,3.7370522,4.884028,6.9904675
Louisiana,19,2005,2.327391,10.251161,7.8518696,5.7923627,4389747,4365311.5,0.0,0.0,2006.0,2006.0,0,0,1,0,5.9532714,6.7,20.106876318840243,10.635543,6.7117205,6.737187,0.031117966,1.9061918,0.042553704,3.659459,4.922094,7.052469
Louisiana,19,2006,2.5731504,13.107053,7.872624,5.9087806,4287768,4365311.5,0.0,0.37534246,2006.0,2006.0,0,0,1,0,6.09221,4.0,18.851742911463493,10.582993,6.760646,6.7117205,0.033653874,1.960857,0.0469475,3.6772978,4.841515,7.062626
Louisiana,19,2007,2.6759129,14.525605,7.906335,5.8640194,4344053,4365311.5,1.0,1.0,2006.0,2006.0,0,0,1,0,6.17998,3.8,18.045866383306098,10.679205,6.7617693,6.760646,0.034506947,1.9127529,0.04781249,3.5705595,4.9129834,7.0822554
Louisiana,19,2008,2.522365,12.458026,7.8557534,5.74471,4342582,4365311.5,1.0,1.0,2006.0,2006.0,0,0,1,0,6.25558,4.6,17.389424079959802,10.598208,6.7842636,6.7617693,0.036729302,1.900298,0.049394578,3.5156965,4.9921365,7.2147923
Louisiana,19,2009,2.484178,11.9912615,7.858038,5.5710015,4411546,4365311.5,1.0,1.0,2006.0,2006.0,0,0,1,0,5.858748,6.7,17.431553473544195,10.740367,6.8043094,6.7842636,0.03767387,1.8466089,0.049914476,3.3947737,5.0099206,7.2518706
Louisiana,19,2010,2.4298644,11.357343,7.803953,5.3950367,4490487,4365311.5,1.0,1.0,2006.0,2006.0,0,0,1,0,6.0206013,7.4,17.33284163,10.582612,6.778116,6.8043094,0.04324698,1.7729925,0.052867316,3.2882626,5.038408,7.267761
Maine,20,2000,0.19034488,1.2096667,7.5641794,4.6691957,1240011,1289211.6,0.0,0.0,,,1,0,0,0,5.4481874,3.3,10.058539803275938,10.761789,4.9082484,4.919594,8.404361,15.418896,17.970566,39.550777,5.151839,7.3774776
Maine,20,2001,0.4173153,1.517881,7.582768,4.894054,1251745,1289211.6,0.0,0.0,,,1,0,0,0,5.4311037,3.8,10.353866003059728,10.716393,4.91361,4.9082484,8.621883,15.735713,17.845966,38.38689,5.133154,7.4065447
Maine,20,2002,0.10572013,1.1115108,7.5767984,4.731393,1259547,1289211.6,0.0,0.0,,,1,0,0,0,5.448396,4.4,11.186720304998543,10.7069235,5.016272,4.91361,8.828174,16.018538,17.791636,37.34001,5.2251644,7.458246
Maine,20,2003,0.23051284,1.2592456,7.545523,4.7413726,1270602,1289211.6,0.0,0.0,,,1,0,0,0,5.437263,5.0,10.870988712437097,10.691876,5.0653057,5.016272,9.042957,16.182722,17.648249,36.212833,5.215186,7.526475
Maine,20,2004,0.34192318,1.4076521,7.5413527,4.623976,1278725,1289211.6,0.0,0.0,,,1,0,0,0,5.421255,4.6,11.636747541496414,10.772813,5.0643826,5.0653057,9.215195,16.30069,17.518152,35.086826,5.2437963,7.6323833
Maine,20,2005,0.39212835,1.4801277,7.542541,4.6540666,1283673,1289211.6,0.0,0.0,,,1,0,0,0,5.415316,4.8,12.244551377180949,10.800697,5.060026,5.0643826,9.439943,16.598309,17.45834,34.100197,5.232773,7.609268
Maine,20,2006,0.5540857,1.740349,7.5636516,4.623484,1321574,1289211.6,0.0,0.0,,,1,0,0,0,5.4023724,4.6,12.355948285907562,10.806835,5.0777626,5.060026,9.381313,16.26621,17.007826,32.28052,5.260608,7.619421
Maine,20,2007,0.41947782,1.521167,7.5190096,4.575231,1314780,1289211.6,0.0,0.0,,,1,0,0,0,5.434105,4.8,11.847153135885852,10.827012,5.1299086,5.0777626,9.565174,16.46131,17.089855,31.593498,5.2776127,7.577339
Maine,20,2008,0.85751295,2.3572907,7.537882,4.495948,1315069,1289211.6,0.0,0.0,,,1,0,0,0,5.416808,5.5,12.255630693142336,10.775304,5.117463,5.1299086,9.653334,16.342945,17.060854,30.99115,5.2294297,7.5599213
Maine,20,2009,0.68062586,1.9751135,7.5064616,4.352046,1316380,1289211.6,0.0,0.0,,,1,0,0,0,5.3807564,8.1,12.268797763563713,10.784897,5.1214657,5.117463,9.686489,16.213707,17.047813,30.406494,5.1388927,7.6953826
Maine,20,2010,0.59087497,1.8055675,7.5227127,4.310526,1329222,1289211.6,0.0,0.0,,,1,0,0,0,5.3640285,7.9,12.25258083,10.781723,5.087903,5.1214657,9.9204645,16.448118,16.421787,31.424547,5.0560308,7.6906843
Maryland,21,2000,2.1197927,8.329411,7.9434094,6.316225,5162430,5471289.5,0.0,0.0,,,0,0,1,0,5.8925004,3.6,8.058317497767524,11.142543,6.122379,6.101598,0.54666114,6.0534477,1.0607796,15.387211,5.142881,6.868994
Maryland,21,2001,2.141205,8.5096855,7.9317956,6.4151583,5241087,5471289.5,0.0,0.0,,,0,0,1,0,5.9005785,4.1,7.797390121553029,11.096258,6.116308,6.122379,0.5581094,6.051798,1.0558878,14.932113,5.060185,6.9164457
Maryland,21,2002,2.265843,9.639246,7.898402,6.460271,5321993,5471289.5,0.0,0.0,,,0,0,1,0,5.9045568,4.5,8.369608904032756,11.132587,6.1181035,6.116308,0.56830215,6.0461936,1.0517864,14.434029,5.019148,6.959908
Maryland,21,2003,2.279525,9.7720375,7.8244944,6.518588,5372472,5471289.5,0.0,0.0,,,0,0,1,0,5.883469,4.5,8.953010830023869,11.03518,6.0931892,6.1181035,0.57757396,6.074299,1.0489957,13.944624,4.992967,7.016074
Maryland,21,2004,2.2627244,9.609233,7.781402,6.4949656,5421869,5471289.5,0.0,0.0,,,0,0,1,0,5.884272,4.3,9.337462782667748,11.096091,6.062539,6.0931892,0.5837286,6.070102,1.041615,13.446231,5.0000324,7.06384
Maryland,21,2005,2.3132727,10.1074505,7.763339,6.4358974,5461318,5471289.5,0.0,0.0,,,0,0,1,0,5.8903804,4.2,8.310265031261684,11.121112,6.0314736,6.062539,0.59214646,6.1064014,1.0396391,13.001056,4.9374013,7.0818005
Maryland,21,2006,2.2744627,9.722694,7.727786,6.2981124,5615727,5471289.5,0.0,0.0,,,0,0,1,0,5.88017,3.9,7.781325552328309,11.139686,6.012699,6.0314736,0.59041333,6.016888,1.0236965,12.332027,5.276053,7.11658
Maryland,21,2007,2.2921982,9.896669,7.7293983,6.2289314,5597843,5471289.5,0.0,0.0,,,0,0,1,0,5.90808,3.6,8.138867060044378,11.142065,6.036934,6.012699,0.59862345,6.0888987,1.0404007,12.137139,5.3235497,7.159643
Maryland,21,2008,2.1719038,8.774975,7.7764077,6.1110997,5618250,5471289.5,0.0,0.0,,,0,0,1,0,5.9139585,4.3,7.988038980109464,11.074684,6.0286326,6.036934,0.6038713,6.0986786,1.0478708,11.909901,5.3452883,7.1571345
Maryland,21,2009,2.0547636,7.8049917,7.710207,5.8522425,5637418,5471289.5,0.0,0.0,,,0,0,1,0,5.901472,7.1,9.0314573090021,11.08592,5.9783106,6.0286326,0.6096231,6.0882125,1.0548624,11.709599,5.5057387,7.290353
Maryland,21,2010,2.0148253,7.499417,7.6333537,5.7519965,5733779,5471289.5,0.0,0.0,,,0,0,1,0,5.8776093,7.4,8.893767967,11.067029,5.9787345,5.9783106,0.69830036,6.177148,1.0411632,11.38804,5.616463,7.3329535
Massachusetts,22,2000,0.71287966,2.039857,7.450321,6.045637,6127881,6315575.0,0.0,0.0,,,1,0,0,0,5.7780538,2.8,8.63947912826636,10.988592,5.164619,5.2143803,1.7168578,8.587781,3.227641,18.95412,4.816141,7.209129
Massachusetts,22,2001,0.8422953,2.3216898,7.4583607,6.113249,6159307,6315575.0,0.0,0.0,,,1,0,0,0,5.7850857,3.7,8.40839724339118,11.072124,5.1469274,5.164619,1.7319481,8.709227,3.1954894,18.509598,4.7756653,7.280715
Massachusetts,22,2002,1.0244526,2.7855701,7.460325,6.0593762,6210578,6315575.0,0.0,0.0,,,1,0,0,0,5.762019,5.3,9.161176302753143,11.009109,5.1138716,5.1469274,1.7398703,8.747045,3.14164,17.979872,4.7741904,7.063605
Massachusetts,22,2003,0.8114847,2.251248,7.422652,6.0167074,6218773,6315575.0,0.0,0.0,,,1,0,0,0,5.744879,5.8,9.647562308513272,11.008843,5.1031175,5.1138716,1.7668276,8.835714,3.1043262,17.587746,4.7384734,6.9163847
Massachusetts,22,2004,1.0143008,2.7574348,7.4014854,5.8736143,6201416,6315575.0,0.0,0.0,,,1,0,0,0,5.749062,5.2,10.039336177414965,11.00285,5.097275,5.1031175,1.7953802,8.8867445,3.0854082,17.306742,4.8738785,7.582895
Massachusetts,22,2005,1.0574175,2.8789265,7.3691626,5.723609,6182860,6315575.0,0.0,0.0,,,1,0,0,0,5.757847,4.8,10.233856176591416,11.043913,5.1537266,5.097275,1.8519585,8.931611,3.078737,17.030872,4.7226624,7.537086
Massachusetts,22,2006,1.0717643,2.9205277,7.356127,5.6381607,6437193,6315575.0,0.0,0.0,,,1,0,0,0,5.759103,5.0,9.690170855526626,10.999312,5.1438775,5.1537266,1.8186343,8.535102,2.943721,16.034319,4.653553,7.5547743
Massachusetts,22,2007,1.0716764,2.920271,7.3865824,5.454102,6437759,6315575.0,0.0,0.0,,,1,0,0,0,5.7548413,4.5,9.654928058040072,11.026419,5.179756,5.1438775,1.8482363,8.4518385,2.9049861,15.666864,4.6848445,7.6319356
Massachusetts,22,2008,0.9482681,2.5812354,7.411307,5.2855196,6469770,6315575.0,0.0,0.0,,,1,0,0,0,5.742375,5.1,9.770950126511453,11.019989,5.1723447,5.179756,1.85427,8.293108,2.8460054,15.196429,4.683265,7.59354
Massachusetts,22,2009,0.9771864,2.65697,7.402599,5.2051587,6511176,6315575.0,0.0,0.0,,,1,0,0,0,5.5520167,8.5,10.11333436540496,11.007966,5.157868,5.1723447,1.8423246,8.148528,2.7759655,14.732269,4.723422,7.629903
Massachusetts,22,2010,1.1704749,3.2235231,7.3820786,5.1693745,6514611,6315575.0,0.0,0.0,,,1,0,0,0,5.7053246,8.9,10.3868673,11.024074,5.1569867,5.157868,1.8923156,8.193644,2.6634438,14.519256,4.796463,7.65637
Michigan,23,2000,1.9322537,6.9050546,7.762618,6.3546357,9688555,9905407.0,0.0,0.0,2006.0,2006.0,0,1,0,0,5.6799097,3.7,9.820195065208383,10.961677,6.1995335,6.1582665,0.16456531,3.1056025,0.33120522,6.788422,4.5415206,6.9553423
Michigan,23,2001,1.931419,6.899294,7.7525787,6.3105955,9740127,9905407.0,0.0,0.0,2006.0,2006.0,0,1,0,0,5.682183,5.2,9.89450137559808,10.923724,6.21765,6.1995335,0.17492585,3.1462116,0.34213105,6.660601,4.3068933,7.048218
Michigan,23,2002,1.9344658,6.920346,7.6907635,6.2295413,9797198,9905407.0,0.0,0.0,2006.0,2006.0,0,1,0,0,5.658131,6.2,11.033726173544721,10.854547,6.2468476,6.21765,0.18327689,3.1659052,0.34911,6.509443,4.4562225,7.071891
Michigan,23,2003,1.8291315,6.228475,7.660276,6.3037724,9825840,9905407.0,0.0,0.0,2006.0,2006.0,0,1,0,0,5.6456223,7.1,11.07999926723822,10.88506,6.2192545,6.2468476,0.19383584,3.199065,0.356051,6.3692365,4.541493,7.0050406
Michigan,23,2004,1.8751842,6.5220203,7.5897326,6.2404304,9858908,9905407.0,0.0,0.0,2006.0,2006.0,0,1,0,0,5.6366377,7.0,12.595543035800718,10.794993,6.2062244,6.2192545,0.2004786,3.1948874,0.3636001,6.2416444,4.8834634,7.0604925
Michigan,23,2005,1.852494,6.3757005,7.5844398,6.193032,9865583,9905407.0,0.0,0.0,2006.0,2006.0,0,1,0,0,5.5983067,6.8,13.099225864300163,10.845446,6.2190194,6.2062244,0.20722546,3.1939826,0.36828032,6.1348934,4.7705555,7.2243457
Michigan,23,2006,1.9687202,7.161505,7.5873656,6.207726,10095643,9905407.0,0.0,0.24657534,2006.0,2006.0,0,1,0,0,5.547155,6.9,13.162985260077045,10.870585,6.236142,6.2190194,0.21223016,3.1183352,0.3715266,5.9029922,4.7759337,7.15029
Michigan,23,2007,1.882246,6.5682406,7.5451226,6.029347,10094027,9905407.0,1.0,1.0,2006.0,2006.0,0,1,0,0,5.5634794,7.2,13.575226220417283,10.857383,6.2098985,6.236142,0.21876304,3.084329,0.38045272,5.8610997,4.809948,7.1824446
Michigan,23,2008,1.7074353,5.514799,7.514417,5.8735967,10045697,9905407.0,1.0,1.0,2006.0,2006.0,0,1,0,0,5.5749817,8.4,13.96355076208251,10.828103,6.184485,6.2098985,0.22597735,3.0624855,0.3907942,5.8396645,4.791243,7.203485
Michigan,23,2009,1.8254632,6.205669,7.4839773,5.677794,10039208,9905407.0,1.0,1.0,2006.0,2006.0,0,1,0,0,5.5341687,13.7,15.594447291061206,10.752634,6.1159005,6.184485,0.22898221,3.0226986,0.39813897,5.784361,4.881726,7.262717
Michigan,23,2010,1.7443621,5.72225,7.429632,5.6205845,9908690,9905407.0,1.0,1.0,2006.0,2006.0,0,1,0,0,5.507406,13.3,15.36210135,10.745938,6.0985126,6.1159005,0.25669387,2.9804041,0.43247896,5.9081573,4.9435153,7.2864094
Minnesota,24,2000,1.1495022,3.156621,7.8127785,5.6376176,4783596,5031185.0,0.0,0.0,,,0,1,0,0,5.521629,3.1,7.036421972089617,11.13733,4.8706374,4.8282495,1.9743724,2.5698867,2.7464485,5.1330004,5.0124745,7.2577443
Minnesota,24,2001,0.9003746,2.4605246,7.8534646,5.739121,4836367,5031185.0,0.0,0.0,,,0,1,0,0,5.536734,3.9,7.331598284414727,11.080279,4.9169846,4.8706374,1.9719968,2.5560508,2.703124,4.973692,5.049335,7.3277583
Minnesota,24,2002,0.83029675,2.2939994,7.824803,5.6472607,4882303,5031185.0,0.0,0.0,,,0,1,0,0,5.5519,4.5,7.601105461910087,11.100436,4.983724,4.9169846,1.9581742,2.5267174,2.661449,4.8303227,5.120446,7.422735
Minnesota,24,2003,0.948378,2.5815191,7.767397,5.632912,4919584,5031185.0,0.0,0.0,,,0,1,0,0,5.525926,4.9,8.132029049610699,11.044856,5.074369,4.983724,1.9515674,2.5014718,2.6294296,4.7012105,5.214758,7.5500355
Minnesota,24,2004,0.8236494,2.278801,7.7354054,5.608039,4958748,5031185.0,0.0,0.0,,,0,1,0,0,5.535489,4.6,8.243895434896066,11.078444,5.1739845,5.074369,1.9470439,2.4827638,2.623646,4.6053157,5.1716785,7.4632
Minnesota,24,2005,0.83494157,2.3046794,7.736626,5.656695,4989848,5031185.0,0.0,0.0,,,0,1,0,0,5.546819,4.1,9.131741087103254,11.011225,5.225734,5.1739845,1.9369929,2.4429002,2.624088,4.523645,5.247552,7.5094995
Minnesota,24,2006,0.8992902,2.4578578,7.7166123,5.552125,5167101,5031185.0,0.0,0.0,,,0,1,0,0,5.541483,4.0,9.425865683678333,11.015115,5.1720114,5.225734,1.8674881,2.318418,2.5603137,4.270712,5.0220447,7.409875
Minnesota,24,2007,0.8109712,2.2500923,7.7178035,5.500181,5155344,5031185.0,0.0,0.0,,,0,1,0,0,5.5688624,4.6,9.336525360868256,11.0194645,5.213054,5.1720114,1.8737257,2.3181577,2.5981002,4.2475924,5.0756207,7.448127
Minnesota,24,2008,0.743579,2.1034503,7.6836414,5.27677,5181962,5031185.0,0.0,0.0,,,0,1,0,0,5.577163,5.5,9.450358763726943,10.926298,5.253531,5.213054,1.8653746,2.2926066,2.6102083,4.191289,5.0693007,7.477551
Minnesota,24,2009,0.35501978,1.4262089,7.614193,5.104173,5188581,5031185.0,0.0,0.0,,,0,1,0,0,5.5767627,8.0,10.756659672461508,10.951087,5.259894,5.253531,1.8512962,2.284054,2.6210828,4.122495,5.1290784,7.5726933
Minnesota,24,2010,0.59791255,1.8183192,7.580205,5.091569,5279601,5031185.0,0.0,0.0,,,0,1,0,0,5.544676,7.1,10.71281712,10.8695965,5.223294,5.259894,1.7532954,2.1949008,2.5291684,4.1815658,5.295074,7.616672
Mississippi,25,2000,2.2273524,9.275277,7.8388762,5.5351725,2749244,2847116.8,0.0,0.0,2006.0,2006.0,0,0,1,0,5.624358,5.6,17.814897477270115,10.678814,6.6015544,6.4908223,1.8166813,11.687977,3.1869125,24.540274,4.2784452,7.0618105
Mississippi,25,2001,2.3231585,10.207864,7.841992,5.8374524,2762576,2847116.8,0.0,0.0,2006.0,2006.0,0,0,1,0,5.699826,5.6,19.194186874858826,10.522557,6.655197,6.6015544,1.858338,11.833448,3.1592252,24.111698,4.33806,7.149149
Mississippi,25,2002,2.2526314,9.512735,7.8395963,5.8381476,2775227,2847116.8,0.0,0.0,2006.0,2006.0,0,0,1,0,5.710405,6.7,19.15378453726488,10.530174,6.5763125,6.655197,1.8989798,11.942194,3.12969,23.713663,4.30792,7.306927
Mississippi,25,2003,2.2602386,9.585377,7.8047576,5.7775254,2785493,2847116.8,0.0,0.0,2006.0,2006.0,0,0,1,0,5.632559,6.4,18.60489328100986,10.56615,6.605502,6.5763125,1.9437493,12.026632,3.091984,23.292395,4.246086,7.3648777
Mississippi,25,2004,2.0909514,8.092611,7.7548904,5.6379576,2805028,2847116.8,0.0,0.0,2006.0,2006.0,0,0,1,0,5.754965,6.4,19.57998280231071,10.599555,6.6174693,6.605502,1.9748822,12.08979,3.0648534,22.905653,4.1724563,7.401577
Mississippi,25,2005,2.0251813,7.577485,7.6757503,5.5807962,2824156,2847116.8,0.0,0.0,2006.0,2006.0,0,0,1,0,5.707262,7.8,20.94604547340869,10.510968,6.588117,6.6174693,2.0078566,12.076882,3.0348537,22.574427,4.1146765,7.4338884
Mississippi,25,2006,2.0758135,7.9710293,7.598274,5.6538095,2910540,2847116.8,0.0,0.5,2006.0,2006.0,0,0,1,0,5.756035,6.8,20.21233173225587,10.533695,6.5845866,6.588117,1.9865042,11.729954,2.9556372,21.769775,4.1013217,7.2710624
Mississippi,25,2007,1.9487168,7.019674,7.5851507,5.5049047,2906118,2847116.8,1.0,1.0,2006.0,2006.0,0,0,1,0,5.696027,6.3,20.073513876587253,10.576458,6.648796,6.5845866,2.0138204,11.707955,2.9663627,21.70631,4.1960206,7.320605
Mississippi,25,2008,2.0815668,8.017021,7.528194,5.3829284,2918790,2847116.8,1.0,1.0,2006.0,2006.0,0,0,1,0,5.6433654,7.0,20.23030091236437,10.516156,6.658742,6.648796,2.0255997,11.595627,2.960302,21.501822,4.047026,7.332105
Mississippi,25,2009,1.8929226,6.638743,7.4903703,5.226415,2922240,2847116.8,1.0,1.0,2006.0,2006.0,0,0,1,0,5.703472,9.6,21.231863228208496,10.481701,6.600035,6.658742,2.0347748,11.490192,2.9728222,21.364809,4.2381196,7.4868355
Mississippi,25,2010,1.9501445,7.0297036,7.4863048,5.1993256,2958873,2847116.8,1.0,1.0,2006.0,2006.0,0,0,1,0,5.85493,10.7,21.12689527,10.544947,6.5680695,6.600035,2.068017,11.244788,2.9431477,21.067108,4.3350983,7.4680805
Missouri,26,2000,1.85422,6.386715,7.984939,6.1192513,5433153,5688724.5,0.0,0.0,2007.0,2007.0,0,1,0,0,5.686426,3.3,10.697416398912381,10.952524,6.2225366,6.1702356,0.0071965577,1.0742565,0.009773331,2.0146313,4.7388163,6.839212
Missouri,26,2001,1.9174697,6.8037214,8.026836,6.2390356,5467596,5688724.5,0.0,0.0,2007.0,2007.0,0,1,0,0,5.746462,4.5,11.080244407231259,10.837834,6.2652125,6.2225366,0.008303466,1.0975025,0.010571374,1.943066,4.783031,6.9598455
Missouri,26,2002,1.7937015,6.011664,7.9740186,6.227176,5505963,5688724.5,0.0,0.0,2007.0,2007.0,0,1,0,0,5.8352146,5.2,11.453346126735687,10.855975,6.3038306,6.2652125,0.009280847,1.1127391,0.011115222,1.8843389,4.8652296,7.0984297
Missouri,26,2003,1.6527946,5.221552,7.9793463,6.293686,5534753,5688724.5,0.0,0.0,2007.0,2007.0,0,1,0,0,5.8410854,5.6,11.80692254920861,10.856669,6.30537,6.3038306,0.010045615,1.1384429,0.011274216,1.8353304,4.849817,7.08788
Missouri,26,2004,1.8464279,6.3371425,7.949151,6.138859,5586114,5688724.5,0.0,0.0,2007.0,2007.0,0,1,0,0,5.83316,5.7,13.169118997571477,10.79216,6.321483,6.30537,0.011063147,1.1391282,0.011832912,1.8074282,4.9057264,7.06405
Missouri,26,2005,1.9654183,7.137898,7.9474354,6.1231737,5631910,5688724.5,0.0,0.0,2007.0,2007.0,0,1,0,0,5.7992377,5.3,13.508010603862633,10.779143,6.3049827,6.321483,0.010760115,1.1475681,0.0126955155,1.7755611,4.960332,7.1325417
Missouri,26,2006,1.8457227,6.3326745,7.8741508,6.074921,5842713,5688724.5,0.0,0.0,2007.0,2007.0,0,1,0,0,5.8041134,4.8,13.403037253412927,10.783259,6.2467237,6.3049827,0.011176315,1.1139688,0.0133328475,1.7126633,4.350724,7.0121813
Missouri,26,2007,1.8389635,6.290015,7.893115,6.0140214,5834644,5688724.5,0.0,0.33972603,2007.0,2007.0,0,1,0,0,5.834636,5.0,13.00583206104777,10.786779,6.2377763,6.2467237,0.011723081,1.1032549,0.014225375,1.7309883,4.36348,6.952983
Missouri,26,2008,2.0493162,7.7625914,7.845487,5.867703,5874327,5688724.5,1.0,1.0,2007.0,2007.0,0,1,0,0,5.846135,6.1,13.191928198753661,10.749784,6.2419567,6.2377763,0.012580165,1.0903717,0.014844254,1.7327943,4.4667954,6.979505
Missouri,26,2009,1.8801448,6.554454,7.7765603,5.6875534,5904382,5688724.5,1.0,1.0,2007.0,2007.0,0,1,0,0,5.849217,9.1,14.401439473259014,10.811222,6.2492657,6.2419567,0.013515386,1.0687824,0.015513902,1.7323405,4.5444107,7.100671
Missouri,26,2010,1.9525299,7.0464916,7.763956,5.5958014,5960413,5688724.5,1.0,1.0,2007.0,2007.0,0,1,0,0,5.834339,9.4,14.02751789,10.740389,6.2417817,6.2492657,0.011291164,0.9936057,0.014260757,1.8034656,4.5365434,7.1122684
Montana,27,2000,0.82390183,2.2793763,8.019764,5.3756714,877433,921333.75,0.0,0.0,2009.0,2009.0,0,0,0,1,5.6258717,4.8,13.411508343087164,10.633425,5.8689384,5.8119946,0.7068346,12.456564,1.155074,23.96012,4.5081325,6.6736374
Montana,27,2001,1.3520191,3.865222,7.939569,5.3327994,879639,921333.75,0.0,0.0,2009.0,2009.0,0,0,0,1,5.696588,4.5,14.184909946011945,10.585675,5.9357853,5.8689384,0.7335964,12.593121,1.1638865,23.307516,4.5680084,6.737916
Montana,27,2002,0.5926381,1.8087537,7.892393,5.306102,884587,921333.75,0.0,0.0,2009.0,2009.0,0,0,0,1,5.7236457,4.5,14.261344559664565,10.650625,5.9286723,5.9357853,0.75447637,12.723339,1.1590719,22.624344,4.619274,6.80721
Montana,27,2003,1.2123444,3.3613558,7.8456626,5.3639092,892497,921333.75,0.0,0.0,2009.0,2009.0,0,0,0,1,5.730503,4.4,14.466043023113803,10.607451,6.0053763,5.9286723,0.76863,12.734609,1.162917,21.973967,4.620078,6.781271
Montana,27,2004,1.2018628,3.3263075,7.8031836,5.1896114,901901,921333.75,0.0,0.0,2009.0,2009.0,0,0,0,1,5.724014,4.2,13.868595333634179,10.576304,6.0634823,6.0053763,0.78644997,12.7249,1.1616575,21.320633,4.6027265,6.882759
Montana,27,2005,0.6813822,1.9766079,7.8681993,5.377307,910651,921333.75,0.0,0.0,2009.0,2009.0,0,0,0,1,5.7269554,3.9,14.519942326972682,10.637609,5.96063,6.0634823,0.7990987,12.762189,1.1642221,20.769756,4.6157455,6.8848433
Montana,27,2006,1.2807353,3.5992851,7.7401795,5.3294463,944632,921333.75,0.0,0.0,2009.0,2009.0,0,0,0,1,5.6748214,3.2,14.03054311096808,10.702143,5.9352555,5.96063,0.7844325,12.284573,1.1430906,19.739115,4.6488676,6.883476
Montana,27,2007,0.88756067,2.4291968,7.7527714,5.3599443,946815,921333.75,0.0,0.0,2009.0,2009.0,0,0,0,1,5.6681447,3.1,13.8815924969503,10.734351,5.901668,5.9352555,0.7738576,12.083881,1.1584101,19.575523,4.7059994,7.006714
Montana,27,2008,1.2384012,3.4500928,7.6893024,5.2211933,956496,921333.75,0.0,0.0,2009.0,2009.0,0,0,0,1,5.6283507,4.2,13.901887723524197,10.679205,5.932525,5.901668,0.78683025,11.827441,1.1673859,19.301178,4.608295,7.0284557
Montana,27,2009,1.2078794,3.3463807,7.621748,5.127374,956257,921333.75,0.0,0.67671233,2009.0,2009.0,0,0,0,1,5.736776,6.3,14.876440120176898,10.623885,5.9322205,5.932525,0.79351056,11.679706,1.2045925,19.315832,4.6608963,7.1805825
Montana,27,2010,0.9718817,2.6429129,7.6167226,5.0441904,983763,921333.75,1.0,1.0,2009.0,2009.0,0,0,0,1,5.70029,7.2,14.21643221,10.632653,5.9341884,5.9322205,0.7790494,11.019931,1.2297677,20.141945,4.6682906,7.190879
Nebraska,28,2000,1.333464,3.7941637,7.99231,5.752496,1660445,1725508.9,0.0,0.0,,,0,1,0,0,5.6090274,2.8,8.962717825643125,10.875402,5.457778,5.399812,0.59429854,4.402615,1.382822,12.415949,4.2775,6.968198
Nebraska,28,2001,0.95036596,2.586656,8.061783,5.9671836,1662378,1725508.9,0.0,0.0,,,0,1,0,0,5.608084,3.1,9.420480781146045,10.8913355,5.46734,5.457778,0.62753475,4.4938636,1.4146,12.410113,4.3070173,7.0184655
Nebraska,28,2002,1.0510263,2.8605857,8.027997,5.945284,1677978,1725508.9,0.0,0.0,,,0,1,0,0,5.624233,3.7,10.12659283971542,10.856438,5.4882708,5.46734,0.6554317,4.513885,1.435597,12.211006,4.383781,7.0901194
Nebraska,28,2003,1.1994231,3.318202,7.9720945,5.8953476,1687661,1725508.9,0.0,0.0,,,0,1,0,0,5.6195536,4.0,10.075601675928993,10.861515,5.478071,5.4882708,0.6924969,4.5986133,1.4597719,12.115704,4.428481,7.1472416
Nebraska,28,2004,0.85771936,2.3577774,7.913873,5.741846,1696513,1725508.9,0.0,0.0,,,0,1,0,0,5.645836,3.9,10.14799179257689,10.83056,5.4948726,5.478071,0.74258196,4.7030587,1.5090364,12.226078,4.4726505,7.1640787
Nebraska,28,2005,0.9468811,2.5776577,7.8850555,5.789815,1706976,1725508.9,0.0,0.0,,,0,1,0,0,5.599325,3.8,10.922004761636954,10.887867,5.564474,5.4948726,0.7884118,4.794385,1.5579013,12.244577,4.4943137,7.1599083
Nebraska,28,2006,1.0976707,2.9971764,7.8371634,5.679167,1768331,1725508.9,0.0,0.0,,,0,1,0,0,5.5983186,3.0,11.004444303696538,10.860229,5.518328,5.564474,0.8195864,4.7369523,1.5753838,11.885445,4.5932126,7.094681
Nebraska,28,2007,1.3782519,3.9679594,7.763061,5.6955495,1764131,1725508.9,0.0,0.0,,,0,1,0,0,5.568123,3.0,10.796420447234361,10.853387,5.5427,5.518328,0.8700034,4.7793503,1.6365565,11.901044,4.5960546,7.095986
Nebraska,28,2008,1.3600358,3.8963327,7.6815596,5.4742303,1770896,1725508.9,0.0,0.0,,,0,1,0,0,5.6043816,3.3,10.530262646705395,10.846809,5.5421968,5.5427,0.8920343,4.7452817,1.6825945,11.809785,4.554597,7.0904355
Nebraska,28,2009,0.8388082,2.313608,7.6572256,5.2883224,1772124,1725508.9,0.0,0.0,,,0,1,0,0,5.6047273,4.6,11.980651466827377,10.828024,5.5312743,5.5421968,0.9037178,4.645612,1.7078941,11.643993,4.461445,7.1274514
Nebraska,28,2010,1.0913255,2.9782193,7.617793,5.294912,1813164,1725508.9,0.0,0.0,,,0,1,0,0,5.585978,4.7,11.53331966,10.872902,5.533323,5.5312743,1.0111054,5.9630017,1.8329285,13.936136,4.493362,7.1373267
Nevada,29,2000,1.8819478,6.5662823,7.716917,6.507984,1964582,2347658.5,0.0,0.0,,,0,0,0,1,5.8954635,4.5,9.914933558385448,10.967077,6.238756,6.262916,0.044131525,3.747973,0.094829336,9.088141,3.3910065,6.272681
Nevada,29,2001,2.1616688,8.685619,7.6847506,6.5644507,2072391,2347658.5,0.0,0.0,,,0,0,0,1,5.893102,5.3,9.524554005494137,10.931606,6.202085,6.238756,0.045309983,3.6754165,0.09785798,8.519,3.5711136,6.2180715
Nevada,29,2002,2.1352024,8.458758,7.7043266,6.705861,2139794,2347658.5,0.0,0.0,,,0,0,0,1,5.962161,5.7,10.460773326778185,10.905718,6.1937385,6.202085,0.04645307,3.6731572,0.09991616,8.120922,3.8958678,6.378921
Nevada,29,2003,2.1887245,8.923823,7.789606,6.850582,2207574,2347658.5,0.0,0.0,,,0,0,0,1,5.8745537,5.3,11.403649435987196,10.888651,6.1687384,6.1937385,0.047835317,3.6637957,0.10219363,7.738042,3.976524,6.4596696
Nevada,29,2004,2.0114799,7.474371,7.7313724,6.891238,2301197,2347658.5,0.0,0.0,,,0,0,0,1,5.8567915,4.6,11.501535939773952,10.905718,6.202279,6.1687384,0.04649754,3.5955634,0.0989485,7.252443,3.985164,6.4741473
Nevada,29,2005,2.1576526,8.650806,7.6890063,7.03081,2381281,2347658.5,0.0,0.0,,,0,0,0,1,5.8820586,4.2,11.066396615939068,10.893809,6.2041044,6.202279,0.047453452,3.5735807,0.09902234,6.8587875,4.1777368,6.5291023
Nevada,29,2006,2.2034492,9.056196,7.610958,6.9865065,2495529,2347658.5,0.0,0.0,,,0,0,0,1,5.896744,4.2,10.331597028125099,10.942651,6.2479744,6.2041044,0.048526786,3.4518132,0.09761457,6.4290977,4.1612406,6.5000916
Nevada,29,2007,2.0482574,7.754377,7.60202,6.800462,2488917,2347658.5,0.0,0.0,,,0,0,0,1,5.9485016,4.8,10.760865067015091,10.948084,6.288577,6.2479744,0.051669057,3.4669697,0.09932031,6.324759,4.1982923,6.5415792
Nevada,29,2008,1.8687446,6.480156,7.5775046,6.438005,2546235,2347658.5,0.0,0.0,,,0,0,0,1,5.8499546,6.7,11.323935143456907,10.923002,6.2155366,6.288577,0.054040574,3.386294,0.09810563,6.062598,4.232419,6.4435315
Nevada,29,2009,1.8128406,6.127829,7.509396,6.188275,2545763,2347658.5,0.0,0.0,,,0,0,0,1,5.9847593,11.7,12.71673757533596,10.864427,6.1950274,6.2155366,0.05636817,3.368381,0.10099133,5.9370413,4.3650756,6.6131434
Nevada,29,2010,1.7738272,5.8933654,7.3689857,5.9399033,2680981,2347658.5,0.0,0.0,,,0,0,0,1,5.908791,14.0,12.83877058,10.849822,6.156882,6.1950274,0.06135814,3.1253111,0.09955311,5.526895,4.4996467,6.5857496
New Hampshire,30,2000,0.60593003,1.8329561,7.455719,5.18718,1200247,1274359.0,0.0,0.0,,,1,0,0,0,5.328883,2.7,5.820218671656751,11.0740795,5.2366796,5.2359405,6.810515,24.37765,13.980622,68.22396,4.52312,7.031768
New Hampshire,30,2001,0.32880148,1.389302,7.4020715,5.1641493,1223636,1274359.0,0.0,0.0,,,1,0,0,0,5.3980756,3.4,6.123471359129676,11.054313,5.275473,5.2366796,6.816488,24.223871,13.671304,65.43613,4.4932327,6.975903
New Hampshire,30,2002,-0.031916067,0.9685879,7.3597045,5.0556803,1238917,1274359.0,0.0,0.0,,,1,0,0,0,5.3163815,4.6,6.414231138970569,11.113149,5.287429,5.275473,6.8329034,24.208967,13.444404,63.093575,4.5665245,6.8601613
New Hampshire,30,2003,0.30622792,1.3582919,7.3731966,5.039843,1251572,1274359.0,0.0,0.0,,,1,0,0,0,5.3628483,4.5,6.534102712428849,11.095499,5.2703056,5.287429,6.8935704,24.318457,13.234396,60.809128,4.573036,7.0236545
New Hampshire,30,2004,0.29795423,1.3471001,7.3542814,5.043398,1261970,1274359.0,0.0,0.0,,,1,0,0,0,5.344789,3.9,6.742870274253746,11.091042,5.2677674,5.2703056,6.9400225,24.535528,13.082878,58.602028,4.575336,7.1845913
New Hampshire,30,2005,0.40088144,1.4931402,7.28159,4.661335,1272486,1274359.0,0.0,0.0,,,1,0,0,0,5.4949546,3.6,7.574857405110941,11.0610285,5.292417,5.2677674,6.9749293,24.712414,12.935545,56.453587,4.5864654,7.2090435
New Hampshire,30,2006,-0.011392572,0.9886721,7.364923,4.7501235,1314895,1274359.0,0.0,0.0,,,1,0,0,0,5.493626,3.4,7.747538776860511,11.112657,5.362817,5.292417,6.7999344,24.19121,12.45879,52.935253,4.549469,7.048012
New Hampshire,30,2007,-0.08789945,0.91585296,7.300171,4.6592045,1310254,1274359.0,0.0,0.0,,,1,0,0,0,5.5154486,3.6,7.09824202024951,11.17128,5.4143786,5.362817,6.858212,24.416105,12.421256,51.640446,4.6001973,7.0564423
New Hampshire,30,2008,0.06469245,1.0668309,7.4386945,4.674139,1312298,1274359.0,0.0,0.0,,,1,0,0,0,5.549193,4.0,7.615572072806634,11.112642,5.3994794,5.4143786,6.876106,24.396288,12.376686,50.397926,4.6032367,7.0836773
New Hampshire,30,2009,-0.17884505,0.83623546,7.455492,4.4505744,1315419,1274359.0,0.0,0.0,,,1,0,0,0,5.54087,6.4,8.42081496466145,11.085061,5.335683,5.3994794,6.8814573,24.293932,12.295398,49.103138,4.7026663,7.2254295
New Hampshire,30,2010,-0.012426315,0.9876506,7.4382343,4.2978563,1316255,1274359.0,0.0,0.0,,,1,0,0,0,5.5661416,6.1,7.87772886,11.108066,5.3459725,5.335683,7.3676453,28.298544,11.959233,55.96127,4.790699,7.2797356
New Jersey,31,2000,1.2573286,3.5160165,7.5457015,6.029449,8219529,8530271.0,0.0,0.0,,,1,0,0,0,6.141676,3.7,7.879940565937538,11.06379,5.8926287,5.9577265,0.036267284,0.5961412,0.06802093,1.3406973,3.940823,6.783078
New Jersey,31,2001,1.3995246,4.0532722,7.540223,6.120041,8289599,8530271.0,0.0,0.0,,,1,0,0,0,6.149027,4.3,7.946753516062718,11.06285,5.8274317,5.8926287,0.038867984,0.5984246,0.06842309,1.2733909,3.9539897,6.7609315
New Jersey,31,2002,1.3957362,4.037946,7.475116,6.0541816,8395357,8530271.0,0.0,0.0,,,1,0,0,0,6.139282,5.8,8.430945819218886,11.099439,5.805795,5.8274317,0.040474754,0.60172546,0.06982431,1.226416,4.018074,6.875048
New Jersey,31,2003,1.570303,4.8081045,7.429551,6.0157323,8444076,8530271.0,0.0,0.0,,,1,0,0,0,6.1581063,5.9,8.982143220880532,11.10407,5.776612,5.805795,0.041425493,0.60830814,0.07122153,1.1915454,4.0416584,6.890759
New Jersey,31,2004,1.5282232,4.609978,7.4061947,5.8760624,8503294,8530271.0,0.0,0.0,,,1,0,0,0,6.158459,4.9,8.434825374731252,11.063556,5.7515125,5.776612,0.04364191,0.61149246,0.07354797,1.1719929,4.121923,7.240259
New Jersey,31,2005,1.5879173,4.8935466,7.38058,5.783405,8521427,8530271.0,0.0,0.0,,,1,0,0,0,6.1715136,4.5,8.661741748183726,11.167219,5.7716317,5.7515125,0.043830685,0.6039951,0.07497571,1.1602165,4.1609273,7.319316
New Jersey,31,2006,1.5880568,4.8942294,7.341826,5.6475706,8724560,8530271.0,0.0,0.0,,,1,0,0,0,6.0351343,4.6,8.490067120863403,11.206373,5.7485123,5.7716317,0.04346351,0.57762223,0.07500665,1.1225437,4.6185045,7.345981
New Jersey,31,2007,1.4803668,4.3945575,7.331407,5.5329046,8669815,8530271.0,0.0,0.0,,,1,0,0,0,6.1751523,4.2,8.370686110372597,11.060809,5.7347317,5.7485123,0.044533823,0.5710041,0.076622166,1.11804,4.7385116,7.2744317
New Jersey,31,2008,1.4684432,4.342469,7.3778043,5.451301,8658668,8530271.0,0.0,0.0,,,1,0,0,0,6.1848025,5.5,8.54714605063966,11.099408,5.7028966,5.7347317,0.0452841,0.55296034,0.07735601,1.0985523,4.7131095,7.281258
New Jersey,31,2009,1.3049833,3.6876276,7.3019423,5.188646,8650548,8530271.0,0.0,0.0,,,1,0,0,0,6.175864,9.1,9.227831577837613,11.095074,5.6815877,5.7028966,0.04785824,0.54815024,0.079775296,1.0971212,4.936141,7.34437
New Jersey,31,2010,1.4438659,4.2370443,7.2933226,5.1798654,8756104,8530271.0,0.0,0.0,,,1,0,0,0,6.1241984,9.6,9.316792034,11.059425,5.654575,5.6815877,0.04746403,1.0401201,0.07805983,1.9319894,4.95657,7.363129
New Mexico,32,2000,2.0245388,7.572617,8.086168,6.0204945,1782739,1894993.1,0.0,0.0,,,0,0,0,1,5.7213497,5.0,17.33865697670831,10.701715,5.7026196,5.68531,12.147544,39.91532,22.997086,96.79033,5.0405774,6.9460807
New Mexico,32,2001,1.7087433,5.5220175,8.053954,5.986671,1792823,1894993.1,0.0,0.0,,,0,0,0,1,5.4785976,4.9,18.220036222203753,10.616266,5.756215,5.7026196,12.205109,40.382847,22.718138,94.722404,5.258728,7.0890255
New Mexico,32,2002,2.1231635,8.357535,7.9849615,6.013506,1818718,1894993.1,0.0,0.0,,,0,0,0,1,5.7404623,5.5,18.00411058778766,10.668304,5.7969627,5.756215,12.121176,40.16296,22.193985,91.76106,5.2340846,7.209191
New Mexico,32,2003,1.8421764,6.310257,7.920194,5.97375,1838277,1894993.1,0.0,0.0,,,0,0,0,1,5.57923,6.0,17.99288137750731,10.636264,5.8245935,5.7969627,12.085502,40.235012,21.772072,89.249115,5.2667813,7.348758
New Mexico,32,2004,2.205213,9.072184,7.9356394,6.0501857,1862837,1894993.1,0.0,0.0,,,0,0,0,1,5.664456,5.8,16.968097584490753,10.72911,5.836081,5.8245935,12.008189,40.147636,21.325966,86.54493,5.3533673,7.3424907
New Mexico,32,2005,2.032134,7.630352,7.89614,6.0406027,1887200,1894993.1,0.0,0.0,,,0,0,0,1,5.6815286,5.3,18.293291649003816,10.68047,5.852742,5.836081,11.994171,40.19097,20.807705,83.75445,4.616579,7.447388
New Mexico,32,2006,1.9544835,7.0602717,7.7760706,6.166396,1954599,1894993.1,0.0,0.0,,,0,0,0,1,5.489122,4.2,17.91262555644406,10.675585,5.8279467,5.852742,11.651597,39.05205,19.983536,79.38227,4.8504405,7.2841225
New Mexico,32,2007,2.2590072,9.57358,7.768613,6.131775,1942847,1894993.1,0.0,0.0,,,0,0,0,1,5.671609,3.5,17.70906303996146,10.750278,5.8075733,5.8279467,11.766135,39.66792,19.967964,78.602585,4.856743,7.4303737
New Mexico,32,2008,2.0339706,7.6443796,7.7813234,6.013777,1962226,1894993.1,0.0,0.0,,,0,0,0,1,5.6828957,4.0,16.81034702424695,10.660431,5.787701,5.8075733,11.665884,39.262398,19.641928,76.701614,4.6879153,7.515797
New Mexico,32,2009,2.310261,10.077054,7.762339,5.801859,1964860,1894993.1,0.0,0.0,,,0,0,0,1,5.819089,6.9,18.2725486803131,10.697859,5.80447,5.787701,11.701852,39.00512,19.565668,75.50808,4.7959986,7.599327
New Mexico,32,2010,1.9413717,6.9683027,7.688362,5.5509562,2037799,1894993.1,0.0,0.0,,,0,0,0,1,5.690047,8.5,18.26907364,10.716593,5.7892694,5.80447,12.522727,41.702885,19.00261,80.07978,4.8408957,7.6754236
New York,33,2000,1.643847,5.1750393,7.524629,5.68629,18395996,18912244.0,0.0,0.0,,,1,0,0,0,6.1535053,4.5,13.408917897133701,10.851025,5.944357,5.9930105,0.73295295,1.9836001,1.3600134,4.727219,4.09521,7.6565757
New York,33,2001,1.6501856,5.2079463,7.488025,5.56817,18433370,18912244.0,0.0,0.0,,,1,0,0,0,6.1488023,4.9,13.9065184499633,10.8564,5.903624,5.944357,0.7494886,2.0134137,1.3548689,4.6673236,4.2869153,7.6742177
New York,33,2002,1.5881294,4.8945847,7.4456697,5.5414443,18571545,18912244.0,0.0,0.0,,,1,0,0,0,6.077865,6.2,14.059971854791833,10.836852,5.889202,5.903624,0.7656229,2.0296319,1.3383808,4.559319,4.2252655,7.7222996
New York,33,2003,1.6137015,5.0213633,7.423129,5.493166,18600527,18912244.0,0.0,0.0,,,1,0,0,0,5.9515657,6.4,14.518034892237194,10.834174,5.859409,5.889202,0.7739673,2.0103462,1.3213335,4.477051,4.315239,7.8152323
New York,33,2004,1.5625062,4.770763,7.420073,5.393785,18634337,18912244.0,0.0,0.0,,,1,0,0,0,6.140089,5.8,14.712216485083424,10.850075,5.8351493,5.859409,0.80211604,2.0679352,1.3222257,4.4255667,4.4577003,7.8436055
New York,33,2005,1.5443664,4.685002,7.3901963,5.2552,18655275,18912244.0,0.0,0.0,,,1,0,0,0,6.105384,5.0,13.853909953082974,10.872143,5.818088,5.8351493,0.826474,2.1039464,1.3181956,4.369,4.5177665,7.8453145
New York,33,2006,1.5657016,4.7860317,7.3398128,5.117332,19306183,18912244.0,0.0,0.0,,,1,0,0,0,6.099708,4.5,13.833770248629676,10.861822,5.792867,5.818088,0.8311949,2.1086717,1.2848371,4.223046,4.4371147,7.804154
New York,33,2007,1.4279068,4.1699615,7.320135,4.980515,19280753,18912244.0,0.0,0.0,,,1,0,0,0,6.111419,4.5,13.40588720782845,10.848716,5.7831955,5.792867,0.8478922,2.1252851,1.2993684,4.2149496,4.3545995,7.8408957
New York,33,2008,1.4592829,4.3028727,7.335342,4.861118,19428881,18912244.0,0.0,0.0,,,1,0,0,0,6.032229,5.4,13.360604761540307,10.84152,5.7385206,5.7831955,0.8637502,2.1544523,1.3131276,4.2011013,4.3334293,7.7550645
New York,33,2009,1.391486,4.0208206,7.318487,4.723828,19423896,18912244.0,0.0,0.0,,,1,0,0,0,6.0687804,8.4,13.9422029442497,10.840463,5.7108846,5.7385206,0.8742427,2.1707437,1.320806,4.173205,4.3269057,7.7693744
New York,33,2010,1.5009911,4.486133,7.3173423,4.6620126,19303930,18912244.0,0.0,0.0,,,1,0,0,0,6.068438,8.4,14.05340778,10.816292,5.6818595,5.7108846,0.863363,2.1881037,1.3190475,4.4064965,4.4034624,7.851352
North Carolina,34,2000,1.9718138,7.1836944,8.00167,5.7810917,7795432,8533450.0,0.0,0.0,,,0,0,1,0,5.847395,3.7,11.98617344106138,10.789608,6.002635,6.0083084,0.009172038,0.6284706,0.010493325,1.0400321,4.4061065,6.8528
North Carolina,34,2001,1.851024,6.3663354,8.003298,5.738876,7932350,8533450.0,0.0,0.0,,,0,0,1,0,5.85334,5.6,12.161099800185317,10.75786,5.9993005,6.002635,0.010501302,0.632549,0.010110497,0.9793063,4.4137855,6.869812
North Carolina,34,2002,1.9162961,6.795741,7.952838,5.7312775,8063874,8533450.0,0.0,0.0,,,0,0,1,0,5.844681,6.6,13.12549030403997,10.697723,6.008083,5.9993005,0.011185691,0.6331448,0.010503637,0.92773026,4.4103622,6.9363956
North Carolina,34,2003,1.8263623,6.2112503,7.954667,5.7994094,8146508,8533450.0,0.0,0.0,,,0,0,1,0,5.85601,6.5,13.726298433635614,10.696344,6.0209155,6.008083,0.01209107,0.64021295,0.010372543,0.8914863,4.2962084,7.0358067
North Carolina,34,2004,1.8614205,6.432868,7.9181294,5.787925,8270028,8533450.0,0.0,0.0,,,0,0,1,0,5.8793263,5.5,14.19546584364648,10.746046,6.060204,6.0209155,0.013264768,0.6558261,0.012019306,0.8611942,5.043514,7.113396
North Carolina,34,2005,1.9394815,6.955144,7.8741994,5.824335,8411041,8533450.0,0.0,0.0,,,0,0,1,0,5.8812127,5.2,14.829222684802035,10.757264,6.0692315,6.060204,0.01415996,0.643654,0.011841578,0.82709146,3.5480068,7.1896114
North Carolina,34,2006,1.8078319,6.0972133,7.848536,5.827912,8856505,8533450.0,0.0,0.0,,,0,0,1,0,5.8473353,4.8,14.18871213870483,10.669792,6.0472918,6.0692315,0.013684857,0.62018824,0.0127364015,0.7743348,3.5214288,7.1050177
North Carolina,34,2007,1.8880756,6.6066422,7.879971,5.758174,8869861,8533450.0,0.0,0.0,,,0,0,1,0,5.8445234,4.7,14.170086769116224,10.7311,6.0593076,6.0472918,0.012886335,0.5990511,0.013810814,0.7791892,3.6283414,7.0794168
North Carolina,34,2008,1.9013771,6.695108,7.8610396,5.689466,9036449,8533450.0,0.0,0.0,,,0,0,1,0,5.8705144,6.4,14.407008770812519,10.679895,6.0797486,6.0593076,0.01316889,0.580571,0.014596442,0.7666839,3.699438,7.079187
North Carolina,34,2009,1.6874874,5.4058805,7.777802,5.39631,9045705,8533450.0,0.0,0.0,,,0,0,1,0,5.8797107,10.8,16.30677763645841,10.659562,6.0882535,6.0797486,0.013575504,0.57321125,0.015753333,0.7767664,3.739474,7.1387954
North Carolina,34,2010,1.6178561,5.0422688,7.6963797,5.267641,9440195,8533450.0,0.0,0.0,,,0,0,1,0,5.8492494,10.2,15.8019829,10.686316,6.051969,6.0882535,0.014215808,0.51363343,0.016821686,0.81866956,3.954867,7.097897
North Dakota,35,2000,-0.43594417,0.64665383,7.4917407,5.071418,618569,625979.44,0.0,0.0,2007.0,2007.0,0,1,0,0,5.4809313,2.9,10.477246677411896,10.727115,5.158767,5.0027146,15.899601,103.493706,29.083094,223.81044,4.110588,7.0200744
North Dakota,35,2001,0.13632226,1.1460512,7.5477057,5.180669,610793,625979.44,0.0,0.0,2007.0,2007.0,0,1,0,0,5.498955,2.8,11.540407306567037,10.693762,5.211496,5.158767,16.553398,105.71568,29.281443,222.81967,4.361614,7.098627
North Dakota,35,2002,-0.19925244,0.81934303,7.541499,5.1169047,610245,625979.44,0.0,0.0,2007.0,2007.0,0,1,0,0,5.532145,3.5,11.245483371432785,10.6890545,5.205225,5.211496,16.98072,106.27895,29.170416,219.0848,4.197842,7.1276965
North Dakota,35,2003,0.39018902,1.47726,7.4354815,5.175827,609236,625979.44,0.0,0.0,2007.0,2007.0,0,1,0,0,5.5511584,3.6,10.679441136111457,10.776996,5.3150244,5.205225,17.430027,106.7972,29.039322,215.85379,4.3081727,7.1444902
North Dakota,35,2004,0.27165946,1.3121401,7.3529477,5.034901,609691,625979.44,0.0,0.0,2007.0,2007.0,0,1,0,0,5.5786886,3.5,11.091684148199661,10.720422,5.382894,5.3150244,17.762932,106.16444,28.855272,212.75876,4.3984103,7.164873
North Dakota,35,2005,0.6772,1.9683586,7.3754683,5.170507,609645,625979.44,0.0,0.0,2007.0,2007.0,0,1,0,0,5.564411,3.4,11.578541610281393,10.760495,5.425749,5.382894,18.15253,105.71365,28.784784,209.99942,4.320759,7.137058
North Dakota,35,2006,0.22962229,1.2581247,7.323442,5.1265287,635867,625979.44,0.0,0.0,2007.0,2007.0,0,1,0,0,5.539745,3.2,11.175135680889243,10.700725,5.3676243,5.425749,17.739716,100.77878,27.718061,198.59499,4.2518644,7.087545
North Dakota,35,2007,0.7863455,2.1953588,7.3058085,5.031775,637709,625979.44,0.0,0.41369864,2007.0,2007.0,0,1,0,0,5.5642676,3.2,11.328364504813324,10.812532,5.402879,5.3676243,17.967129,99.744865,27.730673,195.77267,4.585439,7.060342
North Dakota,35,2008,-0.24469057,0.78294677,7.328635,4.950486,638613,625979.44,1.0,1.0,2007.0,2007.0,0,1,0,0,5.5682454,3.3,11.063664535485497,10.8249445,5.426569,5.402879,18.138998,98.83169,27.675604,192.75978,5.338515,7.1117754
North Dakota,35,2009,0.6290384,1.875806,7.3004384,4.960868,639725,625979.44,1.0,1.0,2007.0,2007.0,0,1,0,0,5.6028943,4.3,11.397241001993045,10.837658,5.447975,5.426569,18.179531,97.902695,27.656414,189.67166,5.340745,7.173224
North Dakota,35,2010,0.40694466,1.502221,7.2170873,4.8601284,665681,625979.44,1.0,1.0,2007.0,2007.0,0,1,0,0,5.6218805,3.8,11.91035947,10.847004,5.4088755,5.447975,17.663715,95.53991,25.956726,177.28267,5.458575,7.126745
Ohio,36,2000,1.3301022,3.78143,7.8834934,5.8666043,11054019,11286245.0,0.0,0.0,2008.0,2008.0,0,1,0,0,5.6971245,4.0,9.846020709752715,10.904028,6.0273805,6.030991,0.22173835,1.6225592,0.352451,3.2313948,5.0303497,6.944952
Ohio,36,2001,1.4064639,4.081497,7.8908153,5.943644,11074368,11286245.0,0.0,0.0,2008.0,2008.0,0,1,0,0,5.681623,4.4,10.335921652594532,10.84856,6.0134244,6.0273805,0.231336,1.6498188,0.34938335,3.1602616,4.9849353,7.0553336
Ohio,36,2002,1.5537809,4.7293177,7.855874,5.9520016,11122112,11286245.0,0.0,0.0,2008.0,2008.0,0,1,0,0,5.7113857,5.7,10.321331056547534,10.853812,6.017151,6.0134244,0.2367536,1.6561962,0.3459055,3.0911756,5.130757,7.1339273
Ohio,36,2003,1.5526478,4.723962,7.8348184,5.9090886,11134722,11286245.0,0.0,0.0,2008.0,2008.0,0,1,0,0,5.647626,6.2,10.74964422102321,10.851122,5.9968185,6.017151,0.23437496,1.6539434,0.33424273,3.0185487,5.062597,7.1954913
Ohio,36,2004,1.5121714,4.5365705,7.8358927,5.898413,11153800,11286245.0,0.0,0.0,2008.0,2008.0,0,1,0,0,5.526451,6.2,11.77788735677527,10.81372,5.995732,5.9968185,0.23748857,1.6683013,0.33808208,2.9823468,5.088425,7.2465262
Ohio,36,2005,1.6655953,5.2888207,7.8246226,5.9182224,11155606,11286245.0,0.0,0.0,2008.0,2008.0,0,1,0,0,5.630436,5.9,12.93001025672653,10.807057,6.0186906,5.995732,0.23754872,1.6508023,0.33636004,2.9443133,5.1565924,7.271297
Ohio,36,2006,1.5466979,4.6959376,7.8092937,5.802034,11478006,11286245.0,0.0,0.0,2008.0,2008.0,0,1,0,0,5.552748,5.5,12.857529434990711,10.812471,6.05994,6.0186906,0.2365045,1.6028132,0.32970884,2.8545725,5.1556897,7.3198147
Ohio,36,2007,1.5292437,4.6146855,7.745167,5.6860275,11463403,11286245.0,0.0,0.0,2008.0,2008.0,0,1,0,0,5.5983834,5.6,12.724188445612528,10.851877,6.092548,6.05994,0.24319132,1.5903218,0.34126866,2.8674295,5.172662,7.313334
Ohio,36,2008,1.5690676,4.8021684,7.7310443,5.5233083,11473983,11286245.0,0.0,0.3068493,2008.0,2008.0,0,1,0,0,5.614091,6.6,12.9799216191971,10.769074,6.110275,6.092548,0.2437253,1.5670583,0.34372544,2.8583536,5.321383,7.2600265
Ohio,36,2009,1.5212379,4.5778885,7.682361,5.282394,11511858,11286245.0,1.0,1.0,2008.0,2008.0,0,1,0,0,5.5562005,10.4,14.76119667216187,10.750128,6.1054306,6.110275,0.2451559,1.5510789,0.34980452,2.8645246,5.3238316,7.283579
Ohio,36,2010,1.4181559,4.1294985,7.6688366,5.210619,11526823,11286245.0,1.0,1.0,2008.0,2008.0,0,1,0,0,5.4922338,10.4,14.44098691,10.738417,6.106183,6.1054306,0.21985243,1.5554676,0.33824584,2.9980333,5.269005,7.2893553
Oklahoma,37,2000,1.6959662,5.451911,7.9652705,5.913209,3338279,3490586.0,0.0,0.0,2006.0,2006.0,0,0,1,0,5.738921,3.1,13.991670558392514,10.622863,6.543048,6.50256,0.14417608,5.6077995,0.30015466,12.223813,4.1272883,5.8461146
Oklahoma,37,2001,1.7095091,5.526248,7.9459,5.928142,3347660,3490586.0,0.0,0.0,2006.0,2006.0,0,0,1,0,5.7540765,3.7,14.566323939707138,10.6886215,6.5227914,6.543048,0.147745,5.6762037,0.29982138,12.033869,4.1420245,6.917304
Oklahoma,37,2002,1.5734329,4.8231773,7.9944563,5.9346933,3379515,3490586.0,0.0,0.0,2006.0,2006.0,0,0,1,0,5.746876,4.8,14.756111453862463,10.696163,6.509891,6.5227914,0.15215202,5.7282186,0.30288368,11.810778,4.2204103,7.046296
Oklahoma,37,2003,1.802459,6.064542,8.020982,5.9440513,3396794,3490586.0,0.0,0.0,2006.0,2006.0,0,0,1,0,5.7324743,5.6,14.828747342346931,10.658693,6.5100193,6.509891,0.1512014,5.7419734,0.30413973,11.606915,4.245235,7.010802
Oklahoma,37,2004,1.6958038,5.4510255,7.9956126,5.9394484,3412202,3490586.0,0.0,0.0,2006.0,2006.0,0,0,1,0,5.7240314,5.0,14.202558934084209,10.730422,6.527081,6.5100193,0.15139784,5.7219357,0.30042183,11.418873,4.235271,7.08679
Oklahoma,37,2005,1.6949445,5.446344,7.912905,6.00348,3433496,3490586.0,0.0,0.0,2006.0,2006.0,0,0,1,0,5.7655697,4.5,16.368913783502297,10.646472,6.6553555,6.527081,0.15325488,5.732641,0.30062655,11.30227,4.240516,7.1123686
Oklahoma,37,2006,1.7598103,5.811335,7.735001,5.927742,3579212,3490586.0,0.0,0.16164383,2006.0,2006.0,0,0,1,0,5.7280135,4.0,16.112177764267667,10.645401,6.597427,6.6553555,0.15156968,5.5219417,0.2953164,10.84912,4.362879,7.1228595
Oklahoma,37,2007,1.830082,6.2343984,7.720065,5.9366093,3576929,3490586.0,1.0,1.0,2006.0,2006.0,0,0,1,0,5.7524548,4.3,15.45781311286861,10.7242365,6.5829372,6.597427,0.1576492,5.541765,0.29757372,10.913244,4.441129,7.1725135
Oklahoma,37,2008,1.7713466,5.878764,7.7024527,5.7139354,3606200,3490586.0,1.0,1.0,2006.0,2006.0,0,0,1,0,5.7694607,3.9,15.369003383062504,10.751371,6.5753675,6.5829372,0.16002995,5.4594865,0.302895,10.871361,4.5063114,7.210769
Oklahoma,37,2009,1.8690081,6.4818635,7.7500305,5.6695743,3610073,3490586.0,1.0,1.0,2006.0,2006.0,0,0,1,0,5.8050146,6.4,15.947350649141997,10.750107,6.5946927,6.5753675,0.163487,5.4125776,0.3078885,10.925208,4.6442313,7.272662
Oklahoma,37,2010,1.6577432,5.247455,7.680259,5.613906,3716087,3490586.0,1.0,1.0,2006.0,2006.0,0,0,1,0,5.7492633,6.8,15.77866718,10.678215,6.560241,6.5946927,0.1755341,5.42969,0.31395927,11.276942,4.697102,7.2837844
Oregon,38,2000,0.73876995,2.093359,8.136244,6.0322185,3343908,3581658.2,0.0,0.0,,,0,0,0,1,5.4397697,5.1,10.804124993869449,10.893196,5.7569957,5.694851,2.7448123,19.38594,5.0559406,43.240574,4.8100667,7.048711
Oregon,38,2001,0.90582275,2.4739666,8.195222,6.080222,3395357,3581658.2,0.0,0.0,,,0,0,0,1,5.4343176,6.4,11.271450984388387,10.836223,5.8172517,5.7569957,2.786776,19.298178,4.9540005,41.700386,4.8423066,7.0964303
Oregon,38,2002,0.737403,2.0904994,8.146985,6.173306,3444153,3581658.2,0.0,0.0,,,0,0,0,1,5.4069815,7.6,11.502305501526791,10.8329315,5.860457,5.8172517,2.8433697,19.227892,4.885526,40.28735,4.7570596,7.213205
Oregon,38,2003,0.66921896,1.9527116,8.164165,6.300536,3482337,3581658.2,0.0,0.0,,,0,0,0,1,5.3727694,8.1,12.154280300843945,10.806916,5.900249,5.860457,2.9111772,19.210546,4.8260407,39.11853,5.1264696,7.169631
Oregon,38,2004,0.9405381,2.5613594,8.118049,6.2681446,3513759,3581658.2,0.0,0.0,,,0,0,0,1,5.2834773,7.3,13.154345531381065,10.7646675,5.927412,5.900249,2.9758444,19.091377,4.7990203,38.12211,4.74792,7.0523357
Oregon,38,2005,0.8096504,2.2471223,8.065559,6.2935133,3560109,3581658.2,0.0,0.0,,,0,0,0,1,5.34413,6.2,13.969179033563298,10.806065,5.931454,5.927412,3.0210872,18.926498,4.752186,37.00311,4.7261796,7.091376
Oregon,38,2006,0.8662141,2.3778913,7.8902664,5.9766946,3700758,3581658.2,0.0,0.0,,,0,0,0,1,5.3076615,5.4,13.169139943762872,10.83809,5.9145393,5.931454,2.9964943,18.291983,4.6126227,35.073517,4.742557,7.0541
Oregon,38,2007,0.6959896,2.005693,7.8520293,5.9789877,3689498,3581658.2,0.0,0.0,,,0,0,0,1,5.6044626,5.2,12.919020419580116,10.874759,5.935016,5.9145393,3.0680597,18.290157,4.682209,34.75733,4.7029963,7.0017385
Oregon,38,2008,0.82217807,2.2754505,7.8158197,5.7179084,3735524,3581658.2,0.0,0.0,,,0,0,0,1,5.586361,6.4,13.424488773194874,10.8663,5.9381976,5.935016,3.075017,17.971775,4.642294,33.967308,4.4543467,7.063777
Oregon,38,2009,0.85903895,2.3608906,7.732861,5.58974,3727407,3581658.2,0.0,0.0,,,0,0,0,1,5.614782,11.2,14.401781184614398,10.817957,5.956894,5.9381976,3.1320164,17.878086,4.666622,33.621605,4.753205,7.2026734
Oregon,38,2010,0.8718449,2.3913186,7.733257,5.4561396,3805432,3581658.2,0.0,0.0,,,0,0,0,1,5.590638,10.6,14.32751919,10.830243,5.9087977,5.956894,3.2745297,18.220192,4.568811,32.71752,4.941814,7.2621126
Pennsylvania,39,2000,1.6255342,5.0811324,7.552987,5.7255383,11847753,12172547.0,0.0,0.0,,,1,0,0,0,5.421956,4.2,9.587708319037374,10.885566,5.739806,5.718759,0.038403906,0.47389576,0.06123524,1.0487474,4.8288035,7.2538676
Pennsylvania,39,2001,1.7032735,5.491896,7.5412593,5.708034,11853829,12172547.0,0.0,0.0,,,1,0,0,0,5.361108,4.8,10.17343847291875,10.888763,5.7717357,5.739806,0.0398521,0.47961718,0.06250301,1.0307218,4.8043456,7.3556533
Pennsylvania,39,2002,1.6572351,5.2447896,7.4875045,5.6197867,11897522,12172547.0,0.0,0.0,,,1,0,0,0,5.467559,5.6,10.174454815044678,10.849454,5.821911,5.7717357,0.041227072,0.48378983,0.06436635,1.0123369,4.8093085,7.3396983
Pennsylvania,39,2003,1.6913738,5.4269314,7.489384,5.6365952,11922023,12172547.0,0.0,0.0,,,1,0,0,0,5.4313593,5.7,10.731467302151657,10.83756,5.8376684,5.821911,0.042274706,0.48083282,0.065509014,0.9954686,4.8859987,7.3771114
Pennsylvania,39,2004,1.6929965,5.435745,7.490685,5.556766,11957883,12172547.0,0.0,0.0,,,1,0,0,0,5.4198384,5.5,11.387667867297246,10.837834,5.8364487,5.8376684,0.042256642,0.48169062,0.06760394,0.9735419,4.9038477,7.389626
Pennsylvania,39,2005,1.8422889,6.310967,7.49225,5.5027933,11979147,12172547.0,0.0,0.0,,,1,0,0,0,5.435243,5.0,11.827920635751443,10.853407,5.8686795,5.8364487,0.04254059,0.48086897,0.06717507,0.9421205,4.98465,7.5023623
Pennsylvania,39,2006,1.7951869,6.0206,7.4663424,5.474946,12440621,12172547.0,0.0,0.0,,,1,0,0,0,5.4096346,4.7,11.597958011903103,10.867101,5.877375,5.8686795,0.041396648,0.4658208,0.06621856,0.8783484,5.005511,7.4117627
Pennsylvania,39,2007,1.7795116,5.926961,7.441068,5.3650694,12400959,12172547.0,0.0,0.0,,,1,0,0,0,5.4745626,4.3,11.231970043607111,10.838286,5.915364,5.877375,0.04164194,0.4613111,0.06605134,0.8569821,5.0553145,7.392479
Pennsylvania,39,2008,1.7392377,5.6930017,7.4756136,5.1989884,12418756,12172547.0,0.0,0.0,,,1,0,0,0,5.475121,5.5,11.710029571399904,10.859999,5.9840283,5.915364,0.041888252,0.45849198,0.06640762,0.83638006,5.0694747,7.3473926
Pennsylvania,39,2009,1.6686417,5.304957,7.3991127,4.9585485,12516596,12172547.0,0.0,0.0,,,1,0,0,0,5.4626746,8.2,12.122680958944429,10.798902,6.0183167,5.9840283,0.041936323,0.45015433,0.066351905,0.8088461,5.0977483,7.402974
Pennsylvania,39,2010,1.6464205,5.1883745,7.3855085,4.8800426,12662926,12172547.0,0.0,0.0,,,1,0,0,0,5.450475,9.0,12.35017878,10.788494,6.0034804,6.0183167,0.048566975,0.48380604,0.06841231,0.8014972,5.099511,7.4422183
Rhode Island,40,2000,1.4946193,4.457639,7.6884804,6.1358,1009503,1042039.56,0.0,0.0,,,1,0,0,0,5.731941,4.2,10.537660611211654,10.886053,5.785383,5.7140055,9.563122,17.548635,15.706442,38.779972,5.4605937,7.28525
Rhode Island,40,2001,1.3410739,3.823147,7.7580996,6.2032685,1020102,1042039.56,0.0,0.0,,,1,0,0,0,5.706945,4.5,10.499832369704205,10.938627,5.7611494,5.785383,9.6707,17.504818,15.368855,37.88131,5.4764237,7.427814
Rhode Island,40,2002,1.3806887,3.97764,7.7550483,6.159197,1030762,1042039.56,0.0,0.0,,,1,0,0,0,5.7133455,5.1,11.267198441541307,10.847549,5.833333,5.7611494,9.706993,17.426525,15.125703,37.14262,5.455976,7.594609
Rhode Island,40,2003,0.8797698,2.4103448,7.6741323,6.047295,1037196,1042039.56,0.0,0.0,,,1,0,0,0,5.712872,5.4,11.519809177821742,10.878122,5.829097,5.833333,9.795641,17.276484,14.990513,36.50824,5.4368625,7.6309958
Rhode Island,40,2004,0.91917765,2.5072277,7.642594,5.974443,1037002,1042039.56,0.0,0.0,,,1,0,0,0,5.6983013,5.2,11.81482774382306,10.921088,5.8013964,5.829097,9.983105,17.766022,15.0378685,36.410152,5.399258,7.67811
Rhode Island,40,2005,1.1916355,3.2924616,7.5468745,6.054862,1032662,1042039.56,0.0,0.0,,,1,0,0,0,5.7380543,5.1,11.860705632627134,10.919913,5.8688526,5.8013964,10.197625,17.975,15.041514,36.379086,5.392204,7.726525
Rhode Island,40,2006,0.92782927,2.5290134,7.4763665,5.8231783,1067610,1042039.56,0.0,0.0,,,1,0,0,0,5.71006,5.2,11.01385337342288,10.970093,5.9250417,5.8688526,10.034751,17.553507,14.70921,35.30334,4.844461,7.6608357
Rhode Island,40,2007,0.58163875,1.7889677,7.4965787,5.7056026,1062065,1042039.56,0.0,0.0,,,1,0,0,0,5.7205286,5.0,11.409094546943924,10.950894,5.9357395,5.9250417,10.167928,17.96133,14.920085,35.51741,4.822078,7.6300073
Rhode Island,40,2008,1.0785193,2.9403229,7.59328,5.7163754,1054306,1042039.56,0.0,0.0,,,1,0,0,0,5.727861,7.7,11.58800196527384,10.895164,5.949769,5.9357395,10.25006,18.265097,15.198528,35.868713,4.8486567,7.6699886
Rhode Island,40,2009,1.1073557,3.0263453,7.514803,5.425677,1057381,1042039.56,0.0,0.0,,,1,0,0,0,5.7097096,11.6,11.573784662292967,10.868301,5.850656,5.949769,10.247868,18.298134,15.151776,35.56022,4.8029995,7.6456523
Rhode Island,40,2010,1.0122645,2.7518253,7.464531,5.427776,1053846,1042039.56,0.0,0.0,,,1,0,0,0,5.7045608,12.0,12.24268062,10.857344,5.7637715,5.850656,10.1623955,19.29447,14.755951,36.591873,4.788768,7.701007
South Carolina,41,2000,2.015683,7.5058517,8.081504,5.996488,3876975,4183317.2,0.0,0.0,2006.0,2006.0,0,0,1,0,5.7585754,3.6,13.024613261627943,10.769916,6.331015,6.339264,0.017694207,1.3032326,0.03340233,2.3638532,4.584136,7.0296035
South Carolina,41,2001,2.1283817,8.40126,8.079198,6.052513,3927982,4183317.2,0.0,0.0,2006.0,2006.0,0,0,1,0,5.748106,5.2,14.021831057270628,10.746627,6.353932,6.331015,0.017642647,1.3054031,0.034317877,2.287587,4.669108,7.0999436
South Carolina,41,2002,2.015264,7.5027084,8.039702,6.051285,3971899,4183317.2,0.0,0.0,2006.0,2006.0,0,0,1,0,5.7214427,5.9,14.291904199980914,10.732629,6.3920336,6.353932,0.017422397,1.3102297,0.035574924,2.2183092,4.8734603,7.1964073
South Carolina,41,2003,2.0227175,7.5588374,8.067277,5.9761167,4008553,4183317.2,0.0,0.0,2006.0,2006.0,0,0,1,0,5.7161245,6.7,14.138992299715133,10.728014,6.383016,6.3920336,0.018460527,1.3180068,0.035948135,2.1553912,5.1985826,7.2526245
South Carolina,41,2004,1.9522637,7.044616,8.079156,5.9593425,4059838,4183317.2,0.0,0.0,2006.0,2006.0,0,0,1,0,5.8845005,6.8,15.322852783781027,10.706856,6.3579593,6.383016,0.019655956,1.3142396,0.037193604,2.1095424,5.2912903,7.2467628
South Carolina,41,2005,2.0324216,7.632547,8.030939,5.986601,4113961,4183317.2,0.0,0.0,2006.0,2006.0,0,0,1,0,5.909708,6.7,15.592879951948985,10.712883,6.3332105,6.3579593,0.02088012,1.2890983,0.03760366,2.0582597,5.3498483,7.255355
South Carolina,41,2006,2.1282732,8.400349,7.9714184,5.957214,4321249,4183317.2,0.0,0.5589041,2006.0,2006.0,0,0,1,0,5.8041205,6.5,15.213309855553337,10.665251,6.3035502,6.3332105,0.01999422,1.2256179,0.038831364,1.9451553,5.3213882,7.0965657
South Carolina,41,2007,2.1287858,8.404655,7.9793606,5.9754786,4330933,4183317.2,1.0,1.0,2006.0,2006.0,0,0,1,0,5.8473706,5.9,14.917363071652229,10.747057,6.32735,6.3035502,0.021796688,1.1978481,0.038929258,1.9475249,5.3431597,7.1795077
South Carolina,41,2008,1.9419367,6.9722414,7.9619794,5.994656,4403175,4183317.2,1.0,1.0,2006.0,2006.0,0,0,1,0,5.8517423,7.0,15.446444894876993,10.661674,6.31439,6.32735,0.020848593,1.1719043,0.039675917,1.9085547,5.443859,7.138828
South Carolina,41,2009,1.932296,6.9053473,7.900962,5.7310586,4416867,4183317.2,1.0,1.0,2006.0,2006.0,0,0,1,0,5.675493,11.8,17.05475849736929,10.640149,6.309722,6.31439,0.023591382,1.1595097,0.04267731,1.9196639,5.6563144,7.2582636
South Carolina,41,2010,1.809402,6.1067944,7.8786044,5.6623573,4585057,4183317.2,1.0,1.0,2006.0,2006.0,0,0,1,0,5.7235656,11.3,16.53789691,10.638473,6.242682,6.309722,0.024797946,1.0473152,0.049923044,1.8808054,5.3228292,7.190487
South Dakota,42,2000,-0.037056267,0.9636219,7.455147,4.699142,726426,761746.56,0.0,0.0,2006.0,2006.0,0,1,0,0,5.5197716,2.7,11.602282957933774,10.740324,5.886435,5.834286,10.4412565,40.57963,18.194008,92.379814,4.3064713,6.722778
South Dakota,42,2001,-0.039176732,0.96158075,7.454061,4.718101,727968,761746.56,0.0,0.0,2006.0,2006.0,0,1,0,0,5.6103005,3.1,11.855740911688425,10.796633,5.94871,5.886435,10.709949,41.019386,18.15643,91.13354,4.2719946,6.8420415
South Dakota,42,2002,0.4073355,1.5028082,7.413619,4.717524,731963,761746.56,0.0,0.0,2006.0,2006.0,0,1,0,0,5.618311,3.3,12.615528380532895,10.734242,5.988094,5.94871,10.864894,40.84209,18.014845,89.51627,4.3531823,6.889177
South Dakota,42,2003,0.30741003,1.3598984,7.361169,4.7779055,735349,761746.56,0.0,0.0,2006.0,2006.0,0,1,0,0,5.62602,3.6,12.590892215805013,10.75477,6.0198216,5.988094,11.001715,40.511105,17.915302,88.22042,4.3646317,6.909574
South Dakota,42,2004,0.8297354,2.292712,7.2921224,4.7382226,741480,761746.56,0.0,0.0,2006.0,2006.0,0,1,0,0,5.7080708,3.7,13.170011328693965,10.76741,6.0340652,6.0198216,11.183848,40.61337,17.963531,87.18576,4.2215343,6.9920874
South Dakota,42,2005,0.8807721,2.412762,7.235142,4.722611,746033,761746.56,0.0,0.0,2006.0,2006.0,0,1,0,0,5.7183757,3.7,13.505568788512038,10.782969,6.1402907,6.0340652,11.35553,40.637882,18.006844,86.32661,4.294026,7.0033107
South Dakota,42,2006,1.3107148,3.7088242,7.1850643,4.6588025,781919,761746.56,0.0,0.5,2006.0,2006.0,0,1,0,0,5.578723,3.2,13.120156947202972,10.802103,6.0628176,6.1402907,11.006639,38.545937,17.376352,82.31978,3.8727436,6.9422784
South Dakota,42,2007,1.3693535,3.9328074,7.2126174,4.598499,788241,761746.56,1.0,1.0,2006.0,2006.0,0,1,0,0,5.640629,3.0,12.866623278921042,10.795711,6.040372,6.0628176,11.081002,38.769234,17.409016,81.80404,4.401775,6.92038
South Dakota,42,2008,1.5367942,4.6496606,7.1603236,4.711464,795757,761746.56,1.0,1.0,2006.0,2006.0,0,1,0,0,5.654732,3.0,12.346482657394155,10.8638525,6.040201,6.040372,11.041813,38.121563,17.252253,80.38283,4.4334593,6.9402833
South Dakota,42,2009,1.3261241,3.7664168,7.2206187,4.688812,796513,761746.56,1.0,1.0,2006.0,2006.0,0,1,0,0,5.6811223,4.8,13.918542446890383,10.748969,6.0664077,6.040201,11.127502,38.23855,17.363308,79.74207,4.4972258,7.039887
South Dakota,42,2010,1.0466433,2.848075,7.22639,4.5894914,807563,761746.56,1.0,1.0,2006.0,2006.0,0,1,0,0,5.698946,4.6,13.33344891,10.729175,6.05263,6.0664077,11.0907755,38.86892,16.76575,78.3971,4.6231327,7.0988317
Tennessee,43,2000,2.0013363,7.3989363,7.9306073,6.208211,5541337,5885931.5,0.0,0.0,2007.0,2007.0,0,0,1,0,5.965257,4.0,12.80476173890886,10.672878,5.991494,6.0170245,3.5567951,13.015974,6.708616,29.884737,4.5114684,7.082404
Tennessee,43,2001,2.0234468,7.564352,7.9898663,6.225702,5592019,5885931.5,0.0,0.0,2007.0,2007.0,0,0,1,0,6.019063,4.7,13.387830048503055,10.693489,6.0480804,5.991494,3.6594474,13.172273,6.6575418,29.176636,4.548796,7.206454
Tennessee,43,2002,2.0069497,7.440587,7.959636,6.153141,5644716,5885931.5,0.0,0.0,2007.0,2007.0,0,0,1,0,6.0509195,5.3,13.812032350254647,10.711725,6.092886,6.0480804,3.7444754,13.305665,6.5794454,28.36575,4.6550446,7.30039
Tennessee,43,2003,1.9402487,6.960482,7.9831996,6.142715,5689261,5885931.5,0.0,0.0,2007.0,2007.0,0,0,1,0,6.0365276,5.7,13.76071514384733,10.702863,6.101457,6.092886,3.7857113,13.277453,6.499403,27.509636,4.729164,7.3716507
Tennessee,43,2004,1.8262328,6.2104464,7.9910383,6.066168,5748379,5885931.5,0.0,0.0,2007.0,2007.0,0,0,1,0,6.0421505,5.5,15.252352010888634,10.690717,6.109877,6.101457,3.8350463,13.286163,6.466101,26.83033,4.7013574,7.425487
Tennessee,43,2005,2.003841,7.417491,7.977497,6.0734425,5810590,5885931.5,0.0,0.0,2007.0,2007.0,0,0,1,0,6.031345,5.5,15.560261522495994,10.692172,6.117677,6.109877,3.8876603,13.213633,6.4610825,26.228489,5.253962,7.4870872
Tennessee,43,2006,1.9394639,6.955021,7.908171,5.9266825,6038803,5885931.5,0.0,0.0,2007.0,2007.0,0,0,1,0,5.990047,5.2,15.683654525574026,10.692059,6.055205,6.117677,3.9270697,12.754796,6.4242535,25.05591,5.2543807,7.2816153
Tennessee,43,2007,1.8973429,6.668153,7.928307,5.878293,6073646,5885931.5,0.0,0.6082192,2007.0,2007.0,0,0,1,0,6.007933,4.7,15.563353544147946,10.676347,6.069525,6.055205,3.9271634,12.682136,6.4800453,24.837685,5.2919097,7.2420015
Tennessee,43,2008,1.9029453,6.7056155,7.90815,5.747292,6144104,5885931.5,1.0,1.0,2007.0,2007.0,0,0,1,0,6.0112295,6.4,15.28385587223133,10.601722,6.093923,6.069525,3.9187813,12.503093,6.5229855,24.523054,5.2682323,7.264145
Tennessee,43,2009,2.0279765,7.5986943,7.8518124,5.49638,6158953,5885931.5,1.0,1.0,2007.0,2007.0,0,0,1,0,6.0222883,10.3,17.139845035349353,10.625854,6.0818033,6.093923,3.9483984,12.454503,6.630104,24.47226,5.361231,7.2751207
Tennessee,43,2010,1.7340556,5.663577,7.794918,5.4610643,6303437,5885931.5,1.0,1.0,2007.0,2007.0,0,0,1,0,6.009437,10.0,16.49033694,10.563233,6.076478,6.0818033,3.8922892,19.902332,6.581124,38.002964,4.9706182,7.373101
Texas,44,2000,1.8085042,6.101314,8.052596,6.1293364,20290711,22486206.0,0.0,0.0,2007.0,2007.0,0,0,1,0,5.8926325,4.4,14.987720243021549,10.797185,6.7113166,6.7021484,0.008959765,0.91391575,0.017525261,1.311137,4.5942597,6.6073613
Texas,44,2001,1.8586098,6.4148126,8.078646,6.2034187,20764441,22486206.0,0.0,0.0,2007.0,2007.0,0,0,1,0,5.8941917,5.0,15.321404510720996,10.826178,6.6599565,6.7113166,0.009121363,0.9153292,0.017462546,1.2799718,4.2879252,6.6668663
Texas,44,2002,1.81434,6.1370244,8.085669,6.182056,21215494,22486206.0,0.0,0.0,2007.0,2007.0,0,0,1,0,5.900252,6.4,15.749088849875474,10.792592,6.6380534,6.6599565,0.009097125,0.9090432,0.017689902,1.2576233,4.3829885,6.7713237
Texas,44,2003,1.8869598,6.599275,8.084037,6.122044,21547821,22486206.0,0.0,0.0,2007.0,2007.0,0,0,1,0,5.867548,6.7,16.536066454236835,10.748389,6.652356,6.6380534,0.009193505,0.89838785,0.017746573,1.2518203,4.419124,6.925006
Texas,44,2004,1.8285499,6.224853,8.064206,6.062242,21912164,22486206.0,0.0,0.0,2007.0,2007.0,0,0,1,0,5.8928156,6.0,16.475442589787114,10.7744465,6.642717,6.652356,0.00947419,0.8831898,0.017885042,1.2600582,4.3574114,6.888103
Texas,44,2005,1.8433821,6.3178697,8.019655,6.03906,22270165,22486206.0,0.0,0.0,2007.0,2007.0,0,0,1,0,5.8929086,5.4,17.45219220423378,10.742076,6.631839,6.642717,0.009654172,0.8759926,0.01825761,1.2591779,4.331545,6.8968077
Texas,44,2006,1.7742605,5.89592,7.9232407,6.0062947,23507783,22486206.0,0.0,0.0,2007.0,2007.0,0,0,1,0,5.8479753,4.9,16.431753687704195,10.754322,6.5960073,6.631839,0.009664884,0.8304186,0.01823226,1.2319196,4.3090863,6.8632545
Texas,44,2007,1.8037177,6.0721803,7.949732,5.996111,23385340,22486206.0,0.0,0.32876712,2007.0,2007.0,0,0,1,0,5.888664,4.3,16.194209705738725,10.787813,6.599334,6.5960073,0.010686182,0.82918614,0.018780997,1.279866,4.361998,6.8335314
Texas,44,2008,1.7483649,5.745201,7.9173985,5.880713,23845989,22486206.0,1.0,1.0,2007.0,2007.0,0,0,1,0,5.904953,4.8,15.750841787270806,10.759562,6.5839863,6.599334,0.010928462,0.8065759,0.01898013,1.2808233,4.3858314,6.8864403
Texas,44,2009,1.7198638,5.583768,7.954503,5.772877,23819042,22486206.0,1.0,1.0,2007.0,2007.0,0,0,1,0,5.933016,7.5,17.393969917010097,10.784338,6.5778036,6.5839863,0.011818276,0.80096,0.020080572,1.3098302,4.4622993,7.0337563
Texas,44,2010,1.6171008,5.0384617,7.878822,5.6146035,24789312,22486206.0,1.0,1.0,2007.0,2007.0,0,0,1,0,5.893422,8.2,16.62237338,10.767727,6.5517936,6.5778036,0.013433209,0.7529011,0.021113938,1.3604532,4.4845867,7.0652328
Utah,45,2000,0.6734864,1.9610624,8.116483,5.685826,2192689,2449745.5,0.0,0.0,,,0,0,0,1,5.7362285,3.3,9.049801408225242,11.005494,5.5485063,5.5403275,0.019473806,1.8613219,0.02398881,3.791281,5.242556,6.740052
Utah,45,2001,1.1004221,3.0054345,8.061591,5.677285,2229295,2449745.5,0.0,0.0,,,0,0,0,1,5.725541,4.4,9.62972598960658,10.973409,5.4785233,5.5485063,0.020634325,1.8836448,0.025658336,3.644964,4.6891155,6.6748347
Utah,45,2002,0.72520405,2.0651524,8.097563,5.826885,2275861,2449745.5,0.0,0.0,,,0,0,0,1,5.710267,5.8,9.87384554680624,10.968302,5.4993086,5.4785233,0.019904554,1.8940085,0.028209103,3.5108032,4.909401,6.7355604
Utah,45,2003,0.9547046,2.597903,8.089874,5.8224955,2309555,2449745.5,0.0,0.0,,,0,0,0,1,5.720859,5.6,10.191790193348934,10.975328,5.5195737,5.4993086,0.020783225,1.9057784,0.02840374,3.3759317,4.9481406,6.8049126
Utah,45,2004,0.6718657,1.9578867,8.066987,5.7854238,2349472,2449745.5,0.0,0.0,,,0,0,0,1,5.705708,5.0,10.687167159259612,10.9805355,5.540904,5.5195737,0.021536754,1.9057473,0.028942673,3.238813,5.0920167,6.8867226
Utah,45,2005,0.83596647,2.3070426,7.9961743,5.857612,2427350,2449745.5,0.0,0.0,,,0,0,0,1,5.7039127,4.1,10.495437411168558,11.022197,5.5718517,5.540904,0.02171092,1.874637,0.029208807,3.0680373,5.1202745,6.821666
Utah,45,2006,0.7125405,2.0391653,7.8649297,5.7802343,2550063,2449745.5,0.0,0.0,,,0,0,0,1,5.6842217,2.9,10.572719183800556,10.9865465,5.5300264,5.5718517,0.02294061,1.796387,0.028391456,2.8622038,5.0738306,6.821353
Utah,45,2007,0.82847154,2.2898161,7.884603,5.8394456,2576626,2449745.5,0.0,0.0,,,0,0,0,1,5.7162685,2.7,9.872794887577786,10.938254,5.531875,5.5300264,0.023829613,1.7639347,0.029069023,2.7843,5.0268025,6.7600207
Utah,45,2008,0.4066533,1.5017834,7.8784146,5.6085973,2663500,2449745.5,0.0,0.0,,,0,0,0,1,5.669214,3.4,9.820011263375259,11.056083,5.504383,5.531875,0.023765722,1.6913835,0.030673925,2.6543646,5.023518,6.730802
Utah,45,2009,0.38573185,1.4706903,7.872058,5.566795,2651816,2449745.5,0.0,0.0,,,0,0,0,1,5.687888,6.0,12.121542369455497,10.993009,5.5067916,5.504383,0.025190284,1.6841289,0.032091215,2.629632,5.229074,6.8481274
Utah,45,2010,0.6667169,1.9478319,7.8075886,5.3874035,2720974,2449745.5,0.0,0.0,,,0,0,0,1,5.5482316,7.3,11.26795037,10.9470625,5.522132,5.5067916,0.030724293,1.58616,0.036935303,2.546735,5.460656,6.8928766
Vermont,46,2000,0.42555386,1.5304378,7.7150884,4.924128,588067,608010.25,0.0,0.0,,,1,0,0,0,5.3528075,2.7,9.052709980325371,10.822375,5.6649466,5.5556655,18.556728,55.125862,35.983994,131.03625,5.4221096,7.3316417
Vermont,46,2001,0.16703165,1.1817917,7.648668,4.8518047,592321,608010.25,0.0,0.0,,,1,0,0,0,5.342374,3.3,9.093717764522953,10.824547,5.7077346,5.6649466,18.990885,56.14827,35.32257,128.26357,5.3029356,7.3699756
Vermont,46,2002,0.7801708,2.181845,7.491724,4.8603125,595826,608010.25,0.0,0.0,,,1,0,0,0,5.417883,4.0,9.565376468969129,10.86117,5.745165,5.7077346,19.510225,56.600586,34.874275,125.32904,5.430916,7.351481
Vermont,46,2003,0.91904116,2.5068855,7.434445,4.6940985,598352,608010.25,0.0,0.0,,,1,0,0,0,5.397892,4.5,9.371741048747225,10.845154,5.783494,5.745165,19.92573,57.310246,34.59636,122.72926,5.4372044,7.500997
Vermont,46,2004,0.9797765,2.6638608,7.4698358,4.5822124,600632,608010.25,0.0,0.0,,,1,0,0,0,5.4578233,3.7,8.874818524487539,10.908357,5.7919607,5.783494,20.419825,58.15341,34.45271,120.4065,5.470598,7.5763326
Vermont,46,2005,0.28387263,1.3282638,7.5003986,4.711709,602290,608010.25,0.0,0.0,,,1,0,0,0,5.5581536,3.5,10.41823706188049,10.944277,5.843592,5.7919607,20.905212,59.26879,34.498165,118.463196,5.2996125,7.6407247
Vermont,46,2006,0.80822456,2.2439206,7.449873,4.5924144,623908,608010.25,0.0,0.0,,,1,0,0,0,5.5260854,3.6,9.888316867230424,10.936886,5.8721747,5.843592,20.709143,58.206337,33.649193,113.221344,5.3090725,7.5712957
Vermont,46,2007,0.7394506,2.0947843,7.4543676,4.6437516,620589,608010.25,0.0,0.0,,,1,0,0,0,5.474974,3.9,9.766367112533416,10.816433,5.845396,5.8721747,20.999567,58.702137,34.0425,112.69133,5.325584,7.6197567
Vermont,46,2008,1.0074744,2.7386756,7.5502853,4.5475807,620738,608010.25,0.0,0.0,,,1,0,0,0,5.3436112,5.0,10.069465700504884,10.846362,5.831544,5.845396,21.12695,58.67806,34.361034,112.02955,5.3645787,7.623319
Vermont,46,2009,0.2542247,1.2894615,7.488582,4.281806,620414,608010.25,0.0,0.0,,,1,0,0,0,5.432491,7.0,11.143687924514921,10.881475,5.880046,5.831544,21.22776,58.58862,34.60093,111.50393,5.5658565,7.708267
Vermont,46,2010,0.11336711,1.120043,7.424108,4.2565017,624976,608010.25,0.0,0.0,,,1,0,0,0,5.4912877,6.1,11.26123243,10.932071,5.8070993,5.880046,20.337421,59.14963,32.55197,116.45967,5.5999646,7.717691
Virginia,47,2000,1.7675487,5.8564796,7.666031,5.561271,6847117,7382067.5,0.0,0.0,,,0,0,1,0,5.6975145,2.3,9.068605078604616,10.997322,6.0881243,6.0717216,0.24762246,4.485041,0.54428744,10.432712,5.014759,6.611885
Virginia,47,2001,1.6549245,5.2326846,7.7221537,5.6016145,6956276,7382067.5,0.0,0.0,,,0,0,1,0,5.713566,3.2,8.91632246909122,11.032855,6.120643,6.0881243,0.25670344,4.5529966,0.53984344,10.141087,5.049337,6.6580224
Virginia,47,2002,1.7035154,5.493224,7.7099953,5.5668464,7063247,7382067.5,0.0,0.0,,,0,0,1,0,5.720177,4.2,9.798991880080083,11.004613,6.2048416,6.120643,0.26312262,4.5646286,0.53311175,9.815939,4.2902994,6.5802
Virginia,47,2003,1.7607137,5.8165874,7.6706176,5.526877,7151960,7382067.5,0.0,0.0,,,0,0,1,0,5.719969,4.1,10.127601384795216,11.081296,6.195044,6.2048416,0.26047406,4.5492983,0.5196198,9.493775,5.0889645,6.765573
Virginia,47,2004,1.6862195,5.3990307,7.66578,5.487454,7223519,7382067.5,0.0,0.0,,,0,0,1,0,5.723632,3.7,9.760298270136758,10.985835,6.199162,6.195044,0.26070395,4.5055327,0.51006997,9.27811,5.142332,6.8000646
Virginia,47,2005,1.8319528,6.2460723,7.6535764,5.384865,7332608,7382067.5,0.0,0.0,,,0,0,1,0,5.718143,3.5,9.939955879272423,10.967854,6.1779675,6.199162,0.26712188,4.4851165,0.50201786,9.065997,5.1400547,6.833684
Virginia,47,2006,1.6625764,5.2728786,7.532581,5.2603984,7642884,7382067.5,0.0,0.0,,,0,0,1,0,5.7013087,3.0,9.33130739652728,11.03114,6.173845,6.1779675,0.2662869,4.3455195,0.49421135,8.706163,5.113399,6.8479185
Virginia,47,2007,1.6927352,5.4343243,7.550882,5.215617,7636644,7382067.5,0.0,0.0,,,0,0,1,0,5.720923,3.0,9.678793459535367,11.038287,6.211612,6.173845,0.265745,4.3319683,0.5013459,8.697996,5.094476,6.868571
Virginia,47,2008,1.5698615,4.8059826,7.5825253,5.155256,7698738,7382067.5,0.0,0.0,,,0,0,1,0,5.731612,4.2,9.960749411137254,11.047216,6.2089367,6.211612,0.27711034,4.3216696,0.51853955,8.674487,5.1055713,6.874715
Virginia,47,2009,1.5668795,4.791672,7.5742574,5.0198655,7721730,7382067.5,0.0,0.0,,,0,0,1,0,5.713654,6.8,10.432312448117196,11.026793,6.201136,6.2089367,0.28362814,4.2927556,0.5347636,8.681902,5.191592,6.9453554
Virginia,47,2010,1.537808,4.6543765,7.5116315,4.8907027,7928022,7382067.5,0.0,0.0,,,0,0,1,0,5.687075,7.0,10.401901,11.008132,6.156705,6.201136,0.2674816,4.293757,0.52223617,8.793152,5.297267,7.0037937
Washington,48,2000,1.2249846,3.404114,8.105064,6.4104877,5757739,6189167.5,0.0,0.0,,,0,0,0,1,5.469829,5.0,9.85760208998706,10.89379,5.556993,5.535201,0.37327152,0.23132344,0.7916128,0.58083564,5.5686765,7.0167456
Washington,48,2001,1.1184769,3.0601895,8.112528,6.50438,5849311,6189167.5,0.0,0.0,,,0,0,0,1,5.477904,6.2,10.02606973710237,10.865287,5.5574408,5.556993,0.37267637,0.21412778,0.76251715,0.59415543,5.3924317,7.0558414
Washington,48,2002,1.1322747,3.1027062,8.090506,6.526223,5930307,6189167.5,0.0,0.0,,,0,0,0,1,5.4459147,7.3,10.505678711068416,10.910715,5.6015506,5.5574408,0.3683283,0.19724105,0.7374829,0.59460664,5.3227854,7.140472
Washington,48,2003,1.1113269,3.0383873,8.075966,6.5192866,5990020,6189167.5,0.0,0.0,,,0,0,0,1,5.4598308,7.4,11.205655406826688,10.938805,5.5968714,5.6015506,0.36519077,0.18971556,0.7096137,0.5898311,5.2804737,7.1201134
Washington,48,2004,1.1422263,3.1337373,8.0860195,6.5695615,6063048,6189167.5,0.0,0.0,,,0,0,0,1,5.442586,6.2,11.797218164857014,10.961695,5.613203,5.5968714,0.36021486,0.19051474,0.6805818,0.5989232,5.3364305,7.1089363
Washington,48,2005,1.2045684,3.3353193,8.077738,6.686974,6146338,6189167.5,0.0,0.0,,,0,0,0,1,5.4386044,5.5,11.910327743121188,10.943128,5.644749,5.613203,0.36263868,0.20114416,0.64789796,0.6048154,5.0619817,7.106905
Washington,48,2006,1.1249774,3.0801473,7.9553857,6.577344,6395798,6189167.5,0.0,0.0,,,0,0,0,1,5.418145,5.0,11.521736615196415,10.988288,5.6152096,5.644749,0.3533101,0.19908383,0.60800856,0.6014574,5.066867,7.0297227
Washington,48,2007,1.0046525,2.7309582,7.8899508,6.382747,6371390,6189167.5,0.0,0.0,,,0,0,0,1,5.436905,4.5,11.341151616837141,11.019858,5.6309767,5.6152096,0.36072192,0.20300123,0.59316725,0.62768096,5.3770514,7.0496497
Washington,48,2008,1.0955471,2.9908185,7.8549104,6.099076,6453083,6189167.5,0.0,0.0,,,0,0,0,1,5.447328,5.6,11.26835033735038,10.956876,5.6268644,5.6309767,0.35751903,0.2045224,0.57058,0.63444096,5.366587,7.0857024
Washington,48,2009,1.0779191,2.9385586,7.865117,5.9061065,6465755,6189167.5,0.0,0.0,,,0,0,0,1,5.437458,9.0,12.42339061718237,11.024986,5.6418834,5.6268644,0.36063847,0.20591563,0.565688,0.6604797,5.4358797,7.1602607
Washington,48,2010,0.8254684,2.28295,7.835448,5.956962,6658052,6189167.5,0.0,0.0,,,0,0,0,1,5.3872776,9.2,12.23329286,10.937614,5.612686,5.6418834,0.3399643,0.28838766,0.5211885,0.7734094,5.459479,7.157466
West Virginia,49,2000,0.9577941,2.6059415,7.3740644,5.2353654,1765197,1789705.4,0.0,0.0,2008.0,2008.0,0,0,1,0,5.4351306,5.5,15.521553684942813,10.525085,5.3865385,5.2754064,0.31860468,6.5920687,0.48589477,13.184081,4.1857076,7.141766
West Virginia,49,2001,0.8216927,2.2743464,7.382299,5.208707,1758747,1789705.4,0.0,0.0,2008.0,2008.0,0,0,1,0,5.427613,5.2,16.81611965791555,10.506245,5.479218,5.3865385,0.32443553,6.6120367,0.48176342,12.954734,4.591379,7.2059174
West Virginia,49,2002,1.1762348,3.2421439,7.355997,5.4014025,1758096,1789705.4,0.0,0.0,2008.0,2008.0,0,0,1,0,5.41693,5.9,16.315263785367804,10.479595,5.5547466,5.479218,0.32700148,6.600493,0.47602633,12.812497,4.7359934,7.2947717
West Virginia,49,2003,1.4190463,4.133177,7.383048,5.278477,1766196,1789705.4,0.0,0.0,2008.0,2008.0,0,0,1,0,5.442439,6.0,16.43198150148681,10.567206,5.5961695,5.5547466,0.32674742,6.5744686,0.47406968,12.599621,4.578676,7.3110504
West Virginia,49,2004,1.3457154,3.8409333,7.4860435,5.3599763,1770403,1789705.4,0.0,0.0,2008.0,2008.0,0,0,1,0,5.4415293,5.3,16.3146470041002,10.558985,5.656712,5.5961695,0.32421997,6.499424,0.47418582,12.450725,4.6931925,7.310572
West Virginia,49,2005,1.5321664,4.6281924,7.5176067,5.3734527,1771750,1789705.4,0.0,0.0,2008.0,2008.0,0,0,1,0,5.4432135,5.0,17.945929166078738,10.614058,5.703171,5.656712,0.3253845,6.446564,0.4844363,12.355073,4.4806356,7.3071294
West Virginia,49,2006,1.5061387,4.5092854,7.486197,5.385185,1818470,1789705.4,0.0,0.0,2008.0,2008.0,0,0,1,0,5.4441624,5.0,17.09360066429471,10.634557,5.7534137,5.703171,0.3262083,6.207581,0.4769944,11.971382,4.5406113,7.25406
West Virginia,49,2007,1.2944132,3.6488543,7.4670305,5.271259,1808787,1789705.4,0.0,0.0,2008.0,2008.0,0,0,1,0,5.4504514,4.6,16.70561542072118,10.697859,5.8135633,5.7534137,0.33309615,6.21527,0.48081946,11.961994,4.5442796,7.2551107
West Virginia,49,2008,1.3085829,3.7009254,7.4848843,5.1729198,1810358,1789705.4,0.0,0.83835614,2008.0,2008.0,0,0,1,0,4.0156374,4.7,17.01674475435245,10.557764,5.8131905,5.8135633,0.34214228,6.1487284,0.48868787,11.900575,4.518845,7.2690353
West Virginia,49,2009,1.5341301,4.6372895,7.459563,5.025212,1811403,1789705.4,1.0,1.0,2008.0,2008.0,0,0,1,0,5.5062175,8.0,17.453598122560248,10.625174,5.862197,5.8131905,0.35502866,6.1336985,0.4914975,11.821886,4.6365814,7.381039
West Virginia,49,2010,1.210796,3.3561552,7.3372073,4.850502,1847352,1789705.4,1.0,1.0,2008.0,2008.0,0,0,1,0,5.4764247,9.1,17.06745655,10.665204,5.8906846,5.862197,0.34184065,6.0094666,0.5511132,11.648078,4.676945,7.406719
Wisconsin,50,2000,1.1771721,3.245184,7.7392235,5.638513,5207717,5434086.5,0.0,0.0,,,0,1,0,0,5.7784295,3.4,8.26959299055613,10.952332,5.980902,5.963127,0.5037524,6.2465568,0.8222989,13.306829,4.898838,6.7609277
Wisconsin,50,2001,1.2974609,3.659992,7.778232,5.637064,5245913,5434086.5,0.0,0.0,,,0,1,0,0,5.7564607,4.4,8.19062382468028,10.930335,6.0173078,5.980902,0.52343607,6.314573,0.81423384,12.998652,5.018803,6.9910383
Wisconsin,50,2002,1.0693805,2.9135742,7.7553306,5.539757,5285604,5434086.5,0.0,0.0,,,0,1,0,0,5.7032266,5.3,8.624293458231074,10.926532,6.037253,6.0173078,0.5456519,6.3813143,0.82338744,12.6920595,4.8854613,7.1425495
Wisconsin,50,2003,1.2361394,3.4422987,7.7116394,5.4491167,5316215,5434086.5,0.0,0.0,,,0,1,0,0,5.7905912,5.6,9.081969032478934,10.912375,6.0525355,6.037253,0.56532705,6.421956,0.8190414,12.409675,4.875361,7.1593647
Wisconsin,50,2004,1.0571437,2.8781383,7.6418095,5.3592763,5350681,5434086.5,0.0,0.0,,,0,1,0,0,5.8170395,5.0,11.033455367643857,10.874039,6.061961,6.0525355,0.5805429,6.423351,0.81726044,12.158957,4.8147902,7.1505146
Wisconsin,50,2005,1.3433927,3.8320227,7.628568,5.4551415,5375751,5434086.5,0.0,0.0,,,0,1,0,0,5.8136992,4.8,10.187376610263385,10.817115,6.0455046,6.061961,0.59323806,6.4266186,0.8270472,11.920065,4.6491303,7.141551
Wisconsin,50,2006,1.0883908,2.969492,7.640968,5.530971,5556506,5434086.5,0.0,0.0,,,0,1,0,0,5.7867203,4.7,10.606971359339843,10.931302,6.0442605,6.0455046,0.5878694,6.2121773,0.8015469,11.345853,4.600047,7.0806303
Wisconsin,50,2007,1.1946696,3.3024666,7.6574364,5.4865427,5571593,5434086.5,0.0,0.0,,,0,1,0,0,5.8177223,4.9,10.57449817314366,10.895275,6.054777,6.0442605,0.5950183,6.148852,0.81000173,11.184988,4.5646515,7.0956383
Wisconsin,50,2008,0.9585312,2.6078632,7.6397295,5.3284125,5598453,5434086.5,0.0,0.0,,,0,1,0,0,5.8084188,5.0,10.245223100024239,10.856071,6.0345607,6.054777,0.59568244,6.0502605,0.81147414,11.0068445,4.5569596,7.073497
Wisconsin,50,2009,0.95835847,2.6074128,7.6005325,5.0721474,5599420,5434086.5,0.0,0.0,,,0,1,0,0,5.835123,8.5,12.197209711005783,10.860594,6.0246315,6.0345607,0.60152656,5.9851913,0.8178347,10.864,5.3734074,7.247262
Wisconsin,50,2010,1.0061625,2.735085,7.5517716,4.967037,5667100,5434086.5,0.0,0.0,,,0,1,0,0,5.836951,8.1,11.80243864,10.830164,5.993914,6.0246315,0.5949604,5.7563305,0.86892766,10.91703,4.745743,7.2924576
Wyoming,51,2000,0.91691804,2.5015688,7.850828,4.782897,479699,504780.2,0.0,0.0,,,0,0,0,1,5.931988,3.8,10.497624552062856,10.823272,5.8585606,5.878215,0.10881824,7.0644298,0.14467406,12.877033,4.2651644,6.6286535
Wyoming,51,2001,0.6279173,1.8737041,7.899003,4.9760423,480332,504780.2,0.0,0.0,,,0,0,0,1,6.0345907,3.9,10.659502177660451,10.797839,5.85962,5.8585606,0.11575327,7.161713,0.15156184,12.423491,4.4659395,6.7383103
Wyoming,51,2002,1.1294159,3.0938487,7.9171104,5.0320616,484833,504780.2,0.0,0.0,,,0,0,0,1,6.016753,4.2,10.734624087056782,10.7829275,5.8812804,5.85962,0.11942256,7.228056,0.156755,12.048891,4.42395,6.8411293
Wyoming,51,2003,1.0552635,2.872732,7.9071283,5.098315,487341,504780.2,0.0,0.0,,,0,0,0,1,6.0678015,4.5,10.932591347742134,10.828698,5.9509687,5.8812804,0.121065125,7.307409,0.15287037,11.664112,4.511264,6.987734
Wyoming,51,2004,0.80350196,2.2333484,7.9050283,5.088968,492534,504780.2,0.0,0.0,,,0,0,0,1,5.989363,3.9,10.415727645198098,10.866681,5.996459,5.9509687,0.13115846,7.3393917,0.153898,11.421344,4.5349545,7.068328
Wyoming,51,2005,1.0392133,2.826992,7.865526,5.005454,495226,504780.2,0.0,0.0,,,0,0,0,1,5.8912435,3.7,10.555786650943205,10.818638,6.0242867,5.996459,0.12357994,7.3138323,0.15871541,11.299084,4.4564137,7.1057153
Wyoming,51,2006,0.92594486,2.5242522,7.7756634,5.051838,515004,504780.2,0.0,0.0,,,0,0,0,1,5.890402,3.2,10.04419383150422,10.8370285,6.0173326,6.0242867,0.12873687,7.0681005,0.1561153,10.937779,4.465702,7.099053
Wyoming,51,2007,1.4073837,4.0852532,7.746903,5.0660496,514044,504780.2,0.0,0.0,,,0,0,0,1,6.008737,3.0,9.366707908272444,10.844607,6.0049057,6.0173326,0.138315,7.0758533,0.16263199,11.273937,4.621174,7.129609
Wyoming,51,2008,0.8308147,2.295188,7.7036333,4.9293175,522833,504780.2,0.0,0.0,,,0,0,0,1,5.9612064,3.2,9.460955984033143,10.896961,5.987952,6.0049057,0.13618115,6.9628353,0.16812252,11.320824,4.7519617,7.147602
Wyoming,51,2009,0.74167114,2.099441,7.6772184,4.9731393,523949,504780.2,0.0,0.0,,,0,0,0,1,5.9800453,5.9,10.30138429503635,10.884367,5.981492,5.987952,0.14753345,6.941324,0.17826162,11.7082,4.855544,7.2202888
Wyoming,51,2010,0.36242896,1.4368151,7.600746,4.6648035,556787,504780.2,0.0,0.0,,,0,0,0,1,5.864707,6.9,10.08913642,10.865879,5.9383783,5.981492,0.12643974,6.413045,0.15320042,12.108939,4.8840003,7.184053
